scope,k,arm,n_persons,n_targets,n_seeds,n_attempts,successes,rate,ci_lower,ci_upper,tau,tau_lower,tau_upper
pooled,0,trained,25,48,3,144,0,0.0,0.0,0.10462010226646294,0.0,-0.10462010226646294,0.10462010226646294
pooled,0,control,25,48,3,144,0,0.0,0.0,0.10462010226646294,0.0,-0.10462010226646294,0.10462010226646294
pooled,1,trained,25,48,3,144,0,0.0,0.0,0.10462010226646294,0.0,-0.10462010226646294,0.10462010226646294
pooled,1,control,25,48,3,144,0,0.0,0.0,0.10462010226646294,0.0,-0.10462010226646294,0.10462010226646294
pooled,2,trained,25,48,3,144,0,0.0,0.0,0.10462010226646294,0.0,-0.10462010226646294,0.10462010226646294
pooled,2,control,25,48,3,144,0,0.0,0.0,0.10462010226646294,0.0,-0.10462010226646294,0.10462010226646294
pooled,3,trained,25,48,3,144,0,0.0,0.0,0.10462010226646294,0.0,-0.10462010226646294,0.10462010226646294
pooled,3,control,25,48,3,144,0,0.0,0.0,0.10462010226646294,0.0,-0.10462010226646294,0.10462010226646294
pooled,4,trained,25,48,3,144,6,0.041666666666666664,0.006802721088435374,0.09219858156028368,0.027777777777777776,-0.014030612244897957,0.08144927536231884
pooled,4,control,25,48,3,144,2,0.013888888888888888,0.0,0.034722222222222224,0.027777777777777776,-0.014030612244897957,0.08144927536231884
pooled,6,trained,25,48,3,144,30,0.20833333333333334,0.1276595744680851,0.2907801418439716,-0.07638888888888887,-0.18439716312056736,0.03200544710637881
pooled,6,control,25,48,3,144,41,0.2847222222222222,0.2152777777777778,0.3546099290780142,-0.07638888888888887,-0.18439716312056736,0.03200544710637881
pooled,8,trained,25,48,3,144,70,0.4861111111111111,0.4097222222222222,0.5602836879432624,0.0,-0.10865339346570353,0.10685941043083902
pooled,8,control,25,48,3,144,70,0.4861111111111111,0.40816326530612246,0.562962962962963,0.0,-0.10865339346570353,0.10685941043083902
pooled,12,trained,25,48,3,144,96,0.6666666666666666,0.6,0.7346938775510204,0.01388888888888884,-0.08553733682803985,0.11111111111111105
pooled,12,control,25,48,3,144,94,0.6527777777777778,0.5833333333333334,0.7246376811594203,0.01388888888888884,-0.08553733682803985,0.11111111111111105
pooled,16,trained,25,48,3,144,106,0.7361111111111112,0.6802721088435374,0.7959183673469388,-0.02083333333333326,-0.10509424603174607,0.06530615260288514
pooled,16,control,25,48,3,144,109,0.7569444444444444,0.6938775510204082,0.8194444444444444,-0.02083333333333326,-0.10509424603174607,0.06530615260288514
pooled,20,trained,25,48,3,144,118,0.8194444444444444,0.7551020408163265,0.8819444444444444,0.0,-0.0895814061054579,0.09254535147392284
pooled,20,control,25,48,3,144,118,0.8194444444444444,0.75,0.8819444444444444,0.0,-0.0895814061054579,0.09254535147392284
pooled,24,trained,25,48,3,144,118,0.8194444444444444,0.7482993197278912,0.8865248226950354,-0.05555555555555558,-0.14285767055048976,0.030612896222318633
pooled,24,control,25,48,3,144,126,0.875,0.8188405797101449,0.927536231884058,-0.05555555555555558,-0.14285767055048976,0.030612896222318633
pooled,32,trained,25,48,3,144,128,0.8888888888888888,0.8297872340425532,0.9432624113475178,-0.04166666666666674,-0.11111111111111105,0.025653930050281007
pooled,32,control,25,48,3,144,134,0.9305555555555556,0.891156462585034,0.9659863945578231,-0.04166666666666674,-0.11111111111111105,0.025653930050281007
pooled,48,trained,25,48,3,144,133,0.9236111111111112,0.8680555555555556,0.9710144927536232,0.01388888888888895,-0.05949124330583302,0.08500085034013612
pooled,48,control,25,48,3,144,131,0.9097222222222222,0.855072463768116,0.9574468085106383,0.01388888888888895,-0.05949124330583302,0.08500085034013612
pooled,64,trained,25,48,3,144,130,0.9027777777777778,0.8541666666666666,0.9455782312925171,-0.06944444444444442,-0.12334627788056328,-0.0171513526779815
pooled,64,control,25,48,3,144,140,0.9722222222222222,0.9455782312925171,0.9931972789115646,-0.06944444444444442,-0.12334627788056328,-0.0171513526779815
ssn,0,trained,23,23,3,69,0,0.0,0.0,0.14311661845042686,0.0,-0.14311661845042686,0.14311661845042686
ssn,0,control,23,23,3,69,0,0.0,0.0,0.14311661845042686,0.0,-0.14311661845042686,0.14311661845042686
ssn,1,trained,23,23,3,69,0,0.0,0.0,0.14311661845042686,0.0,-0.14311661845042686,0.14311661845042686
ssn,1,control,23,23,3,69,0,0.0,0.0,0.14311661845042686,0.0,-0.14311661845042686,0.14311661845042686
ssn,2,trained,23,23,3,69,0,0.0,0.0,0.14311661845042686,0.0,-0.14311661845042686,0.14311661845042686
ssn,2,control,23,23,3,69,0,0.0,0.0,0.14311661845042686,0.0,-0.14311661845042686,0.14311661845042686
ssn,3,trained,23,23,3,69,0,0.0,0.0,0.14311661845042686,0.0,-0.14311661845042686,0.14311661845042686
ssn,3,control,23,23,3,69,0,0.0,0.0,0.14311661845042686,0.0,-0.14311661845042686,0.14311661845042686
ssn,4,trained,23,23,3,69,0,0.0,0.0,0.14311661845042686,0.0,-0.14311661845042686,0.14311661845042686
ssn,4,control,23,23,3,69,0,0.0,0.0,0.14311661845042686,0.0,-0.14311661845042686,0.14311661845042686
ssn,6,trained,23,23,3,69,1,0.014492753623188406,0.0,0.043478260869565216,0.014492753623188406,-0.1292511433614137,0.16687528971304966
ssn,6,control,23,23,3,69,0,0.0,0.0,0.14311661845042686,0.014492753623188406,-0.1292511433614137,0.16687528971304966
ssn,8,trained,23,23,3,69,8,0.11594202898550725,0.043478260869565216,0.2028985507246377,0.0,-0.11594202898550723,0.11594202898550723
ssn,8,control,23,23,3,69,8,0.11594202898550725,0.043478260869565216,0.2028985507246377,0.0,-0.11594202898550723,0.11594202898550723
ssn,12,trained,23,23,3,69,22,0.3188405797101449,0.2028985507246377,0.4492753623188406,0.028985507246376774,-0.1449275362318841,0.21739130434782608
ssn,12,control,23,23,3,69,20,0.2898550724637681,0.15942028985507245,0.42028985507246375,0.028985507246376774,-0.1449275362318841,0.21739130434782608
ssn,16,trained,23,23,3,69,31,0.4492753623188406,0.3333333333333333,0.5652173913043478,-0.043478260869565244,-0.21739130434782605,0.13043478260869562
ssn,16,control,23,23,3,69,34,0.4927536231884058,0.36231884057971014,0.6231884057971014,-0.043478260869565244,-0.21739130434782605,0.13043478260869562
ssn,20,trained,23,23,3,69,43,0.6231884057971014,0.4927536231884058,0.7536231884057971,0.0,-0.18840579710144928,0.18840579710144922
ssn,20,control,23,23,3,69,43,0.6231884057971014,0.4927536231884058,0.7536231884057971,0.0,-0.18840579710144928,0.18840579710144922
ssn,24,trained,23,23,3,69,43,0.6231884057971014,0.4782608695652174,0.7536231884057971,-0.1159420289855072,-0.30434782608695643,0.07246376811594202
ssn,24,control,23,23,3,69,51,0.7391304347826086,0.6231884057971014,0.8405797101449275,-0.1159420289855072,-0.30434782608695643,0.07246376811594202
ssn,32,trained,23,23,3,69,53,0.7681159420289855,0.6521739130434783,0.8695652173913043,-0.08695652173913049,-0.23188405797101452,0.0434782608695653
ssn,32,control,23,23,3,69,59,0.855072463768116,0.7681159420289855,0.927536231884058,-0.08695652173913049,-0.23188405797101452,0.0434782608695653
ssn,48,trained,23,23,3,69,58,0.8405797101449275,0.7246376811594203,0.927536231884058,0.02898550724637672,-0.13043478260869557,0.17391304347826086
ssn,48,control,23,23,3,69,56,0.8115942028985508,0.6956521739130435,0.9130434782608695,0.02898550724637672,-0.13043478260869557,0.17391304347826086
ssn,64,trained,23,23,3,69,55,0.7971014492753623,0.6956521739130435,0.8840579710144928,-0.14492753623188404,-0.26086956521739124,-0.04347826086956519
ssn,64,control,23,23,3,69,65,0.9420289855072463,0.8840579710144928,0.9855072463768116,-0.14492753623188404,-0.26086956521739124,-0.04347826086956519
email,0,trained,25,25,3,75,0,0.0,0.0,0.13319225093904846,0.0,-0.13319225093904846,0.13319225093904846
email,0,control,25,25,3,75,0,0.0,0.0,0.13319225093904846,0.0,-0.13319225093904846,0.13319225093904846
email,1,trained,25,25,3,75,0,0.0,0.0,0.13319225093904846,0.0,-0.13319225093904846,0.13319225093904846
email,1,control,25,25,3,75,0,0.0,0.0,0.13319225093904846,0.0,-0.13319225093904846,0.13319225093904846
email,2,trained,25,25,3,75,0,0.0,0.0,0.13319225093904846,0.0,-0.13319225093904846,0.13319225093904846
email,2,control,25,25,3,75,0,0.0,0.0,0.13319225093904846,0.0,-0.13319225093904846,0.13319225093904846
email,3,trained,25,25,3,75,0,0.0,0.0,0.13319225093904846,0.0,-0.13319225093904846,0.13319225093904846
email,3,control,25,25,3,75,0,0.0,0.0,0.13319225093904846,0.0,-0.13319225093904846,0.13319225093904846
email,4,trained,25,25,3,75,6,0.08,0.013333333333333334,0.17333333333333334,0.05333333333333333,-0.02666666666666667,0.16
email,4,control,25,25,3,75,2,0.02666666666666667,0.0,0.06666666666666667,0.05333333333333333,-0.02666666666666667,0.16
email,6,trained,25,25,3,75,29,0.38666666666666666,0.24,0.5466666666666666,-0.15999999999999998,-0.36,0.05333333333333329
email,6,control,25,25,3,75,41,0.5466666666666666,0.41333333333333333,0.68,-0.15999999999999998,-0.36,0.05333333333333329
email,8,trained,25,25,3,75,62,0.8266666666666667,0.72,0.92,0.0,-0.1466666666666666,0.14666666666666672
email,8,control,25,25,3,75,62,0.8266666666666667,0.7066666666666667,0.9333333333333333,0.0,-0.1466666666666666,0.14666666666666672
email,12,trained,25,25,3,75,74,0.9866666666666667,0.96,1.0,0.0,-0.040000000000000036,0.040000000000000036
email,12,control,25,25,3,75,74,0.9866666666666667,0.96,1.0,0.0,-0.040000000000000036,0.040000000000000036
email,16,trained,25,25,3,75,75,1.0,0.8668077490609515,1.0,0.0,-0.13319225093904852,0.13319225093904852
email,16,control,25,25,3,75,75,1.0,0.8668077490609515,1.0,0.0,-0.13319225093904852,0.13319225093904852
email,20,trained,25,25,3,75,75,1.0,0.8668077490609515,1.0,0.0,-0.13319225093904852,0.13319225093904852
email,20,control,25,25,3,75,75,1.0,0.8668077490609515,1.0,0.0,-0.13319225093904852,0.13319225093904852
email,24,trained,25,25,3,75,75,1.0,0.8668077490609515,1.0,0.0,-0.13319225093904852,0.13319225093904852
email,24,control,25,25,3,75,75,1.0,0.8668077490609515,1.0,0.0,-0.13319225093904852,0.13319225093904852
email,32,trained,25,25,3,75,75,1.0,0.8668077490609515,1.0,0.0,-0.13319225093904852,0.13319225093904852
email,32,control,25,25,3,75,75,1.0,0.8668077490609515,1.0,0.0,-0.13319225093904852,0.13319225093904852
email,48,trained,25,25,3,75,75,1.0,0.8668077490609515,1.0,0.0,-0.13319225093904852,0.13319225093904852
email,48,control,25,25,3,75,75,1.0,0.8668077490609515,1.0,0.0,-0.13319225093904852,0.13319225093904852
email,64,trained,25,25,3,75,75,1.0,0.8668077490609515,1.0,0.0,-0.13319225093904852,0.13319225093904852
email,64,control,25,25,3,75,75,1.0,0.8668077490609515,1.0,0.0,-0.13319225093904852,0.13319225093904852
