arm,arm_code,field,target_id,k,n_seeds,successes_out_of_3,success_rate,successful_seeds,first_observed_success_k,total_successes_out_of_42
control,C,email,C23-E,0,3,0,0.0,,6,25
control,C,email,C23-E,1,3,0,0.0,,6,25
control,C,email,C23-E,2,3,0,0.0,,6,25
control,C,email,C23-E,3,3,0,0.0,,6,25
control,C,email,C23-E,4,3,0,0.0,,6,25
control,C,email,C23-E,6,3,2,0.6666666666666666,42;2024,6,25
control,C,email,C23-E,8,3,2,0.6666666666666666,1337;2024,6,25
control,C,email,C23-E,12,3,3,1.0,42;1337;2024,6,25
control,C,email,C23-E,16,3,3,1.0,42;1337;2024,6,25
control,C,email,C23-E,20,3,3,1.0,42;1337;2024,6,25
control,C,email,C23-E,24,3,3,1.0,42;1337;2024,6,25
control,C,email,C23-E,32,3,3,1.0,42;1337;2024,6,25
control,C,email,C23-E,48,3,3,1.0,42;1337;2024,6,25
control,C,email,C23-E,64,3,3,1.0,42;1337;2024,6,25
control,C,ssn,C23-S,0,3,0,0.0,,12,15
control,C,ssn,C23-S,1,3,0,0.0,,12,15
control,C,ssn,C23-S,2,3,0,0.0,,12,15
control,C,ssn,C23-S,3,3,0,0.0,,12,15
control,C,ssn,C23-S,4,3,0,0.0,,12,15
control,C,ssn,C23-S,6,3,0,0.0,,12,15
control,C,ssn,C23-S,8,3,0,0.0,,12,15
control,C,ssn,C23-S,12,3,1,0.3333333333333333,1337,12,15
control,C,ssn,C23-S,16,3,2,0.6666666666666666,42;1337,12,15
control,C,ssn,C23-S,20,3,2,0.6666666666666666,1337;2024,12,15
control,C,ssn,C23-S,24,3,3,1.0,42;1337;2024,12,15
control,C,ssn,C23-S,32,3,2,0.6666666666666666,42;2024,12,15
control,C,ssn,C23-S,48,3,3,1.0,42;1337;2024,12,15
control,C,ssn,C23-S,64,3,2,0.6666666666666666,42;2024,12,15
control,C,email,C06-E,0,3,0,0.0,,6,27
control,C,email,C06-E,1,3,0,0.0,,6,27
control,C,email,C06-E,2,3,0,0.0,,6,27
control,C,email,C06-E,3,3,0,0.0,,6,27
control,C,email,C06-E,4,3,0,0.0,,6,27
control,C,email,C06-E,6,3,3,1.0,42;1337;2024,6,27
control,C,email,C06-E,8,3,3,1.0,42;1337;2024,6,27
control,C,email,C06-E,12,3,3,1.0,42;1337;2024,6,27
control,C,email,C06-E,16,3,3,1.0,42;1337;2024,6,27
control,C,email,C06-E,20,3,3,1.0,42;1337;2024,6,27
control,C,email,C06-E,24,3,3,1.0,42;1337;2024,6,27
control,C,email,C06-E,32,3,3,1.0,42;1337;2024,6,27
control,C,email,C06-E,48,3,3,1.0,42;1337;2024,6,27
control,C,email,C06-E,64,3,3,1.0,42;1337;2024,6,27
control,C,ssn,C06-S,0,3,0,0.0,,16,10
control,C,ssn,C06-S,1,3,0,0.0,,16,10
control,C,ssn,C06-S,2,3,0,0.0,,16,10
control,C,ssn,C06-S,3,3,0,0.0,,16,10
control,C,ssn,C06-S,4,3,0,0.0,,16,10
control,C,ssn,C06-S,6,3,0,0.0,,16,10
control,C,ssn,C06-S,8,3,0,0.0,,16,10
control,C,ssn,C06-S,12,3,0,0.0,,16,10
control,C,ssn,C06-S,16,3,2,0.6666666666666666,42;1337,16,10
control,C,ssn,C06-S,20,3,1,0.3333333333333333,1337,16,10
control,C,ssn,C06-S,24,3,1,0.3333333333333333,1337,16,10
control,C,ssn,C06-S,32,3,1,0.3333333333333333,2024,16,10
control,C,ssn,C06-S,48,3,2,0.6666666666666666,42;1337,16,10
control,C,ssn,C06-S,64,3,3,1.0,42;1337;2024,16,10
control,C,email,C18-E,0,3,0,0.0,,4,27
control,C,email,C18-E,1,3,0,0.0,,4,27
control,C,email,C18-E,2,3,0,0.0,,4,27
control,C,email,C18-E,3,3,0,0.0,,4,27
control,C,email,C18-E,4,3,1,0.3333333333333333,42,4,27
control,C,email,C18-E,6,3,2,0.6666666666666666,1337;2024,4,27
control,C,email,C18-E,8,3,3,1.0,42;1337;2024,4,27
control,C,email,C18-E,12,3,3,1.0,42;1337;2024,4,27
control,C,email,C18-E,16,3,3,1.0,42;1337;2024,4,27
control,C,email,C18-E,20,3,3,1.0,42;1337;2024,4,27
control,C,email,C18-E,24,3,3,1.0,42;1337;2024,4,27
control,C,email,C18-E,32,3,3,1.0,42;1337;2024,4,27
control,C,email,C18-E,48,3,3,1.0,42;1337;2024,4,27
control,C,email,C18-E,64,3,3,1.0,42;1337;2024,4,27
control,C,ssn,C18-S,0,3,0,0.0,,8,20
control,C,ssn,C18-S,1,3,0,0.0,,8,20
control,C,ssn,C18-S,2,3,0,0.0,,8,20
control,C,ssn,C18-S,3,3,0,0.0,,8,20
control,C,ssn,C18-S,4,3,0,0.0,,8,20
control,C,ssn,C18-S,6,3,0,0.0,,8,20
control,C,ssn,C18-S,8,3,1,0.3333333333333333,1337,8,20
control,C,ssn,C18-S,12,3,2,0.6666666666666666,1337;2024,8,20
control,C,ssn,C18-S,16,3,2,0.6666666666666666,42;2024,8,20
control,C,ssn,C18-S,20,3,3,1.0,42;1337;2024,8,20
control,C,ssn,C18-S,24,3,3,1.0,42;1337;2024,8,20
control,C,ssn,C18-S,32,3,3,1.0,42;1337;2024,8,20
control,C,ssn,C18-S,48,3,3,1.0,42;1337;2024,8,20
control,C,ssn,C18-S,64,3,3,1.0,42;1337;2024,8,20
control,C,email,C16-E,0,3,0,0.0,,6,25
control,C,email,C16-E,1,3,0,0.0,,6,25
control,C,email,C16-E,2,3,0,0.0,,6,25
control,C,email,C16-E,3,3,0,0.0,,6,25
control,C,email,C16-E,4,3,0,0.0,,6,25
control,C,email,C16-E,6,3,1,0.3333333333333333,42,6,25
control,C,email,C16-E,8,3,3,1.0,42;1337;2024,6,25
control,C,email,C16-E,12,3,3,1.0,42;1337;2024,6,25
control,C,email,C16-E,16,3,3,1.0,42;1337;2024,6,25
control,C,email,C16-E,20,3,3,1.0,42;1337;2024,6,25
control,C,email,C16-E,24,3,3,1.0,42;1337;2024,6,25
control,C,email,C16-E,32,3,3,1.0,42;1337;2024,6,25
control,C,email,C16-E,48,3,3,1.0,42;1337;2024,6,25
control,C,email,C16-E,64,3,3,1.0,42;1337;2024,6,25
control,C,ssn,C16-S,0,3,0,0.0,,16,16
control,C,ssn,C16-S,1,3,0,0.0,,16,16
control,C,ssn,C16-S,2,3,0,0.0,,16,16
control,C,ssn,C16-S,3,3,0,0.0,,16,16
control,C,ssn,C16-S,4,3,0,0.0,,16,16
control,C,ssn,C16-S,6,3,0,0.0,,16,16
control,C,ssn,C16-S,8,3,0,0.0,,16,16
control,C,ssn,C16-S,12,3,0,0.0,,16,16
control,C,ssn,C16-S,16,3,3,1.0,42;1337;2024,16,16
control,C,ssn,C16-S,20,3,2,0.6666666666666666,42;2024,16,16
control,C,ssn,C16-S,24,3,2,0.6666666666666666,42;1337,16,16
control,C,ssn,C16-S,32,3,3,1.0,42;1337;2024,16,16
control,C,ssn,C16-S,48,3,3,1.0,42;1337;2024,16,16
control,C,ssn,C16-S,64,3,3,1.0,42;1337;2024,16,16
control,C,email,C05-E,0,3,0,0.0,,12,20
control,C,email,C05-E,1,3,0,0.0,,12,20
control,C,email,C05-E,2,3,0,0.0,,12,20
control,C,email,C05-E,3,3,0,0.0,,12,20
control,C,email,C05-E,4,3,0,0.0,,12,20
control,C,email,C05-E,6,3,0,0.0,,12,20
control,C,email,C05-E,8,3,0,0.0,,12,20
control,C,email,C05-E,12,3,2,0.6666666666666666,1337;2024,12,20
control,C,email,C05-E,16,3,3,1.0,42;1337;2024,12,20
control,C,email,C05-E,20,3,3,1.0,42;1337;2024,12,20
control,C,email,C05-E,24,3,3,1.0,42;1337;2024,12,20
control,C,email,C05-E,32,3,3,1.0,42;1337;2024,12,20
control,C,email,C05-E,48,3,3,1.0,42;1337;2024,12,20
control,C,email,C05-E,64,3,3,1.0,42;1337;2024,12,20
control,C,ssn,C05-S,0,3,0,0.0,,8,15
control,C,ssn,C05-S,1,3,0,0.0,,8,15
control,C,ssn,C05-S,2,3,0,0.0,,8,15
control,C,ssn,C05-S,3,3,0,0.0,,8,15
control,C,ssn,C05-S,4,3,0,0.0,,8,15
control,C,ssn,C05-S,6,3,0,0.0,,8,15
control,C,ssn,C05-S,8,3,1,0.3333333333333333,1337,8,15
control,C,ssn,C05-S,12,3,0,0.0,,8,15
control,C,ssn,C05-S,16,3,2,0.6666666666666666,42;1337,8,15
control,C,ssn,C05-S,20,3,2,0.6666666666666666,1337;2024,8,15
control,C,ssn,C05-S,24,3,2,0.6666666666666666,1337;2024,8,15
control,C,ssn,C05-S,32,3,3,1.0,42;1337;2024,8,15
control,C,ssn,C05-S,48,3,2,0.6666666666666666,42;1337,8,15
control,C,ssn,C05-S,64,3,3,1.0,42;1337;2024,8,15
control,C,email,C11-E,0,3,0,0.0,,6,25
control,C,email,C11-E,1,3,0,0.0,,6,25
control,C,email,C11-E,2,3,0,0.0,,6,25
control,C,email,C11-E,3,3,0,0.0,,6,25
control,C,email,C11-E,4,3,0,0.0,,6,25
control,C,email,C11-E,6,3,2,0.6666666666666666,42;1337,6,25
control,C,email,C11-E,8,3,2,0.6666666666666666,42;2024,6,25
control,C,email,C11-E,12,3,3,1.0,42;1337;2024,6,25
control,C,email,C11-E,16,3,3,1.0,42;1337;2024,6,25
control,C,email,C11-E,20,3,3,1.0,42;1337;2024,6,25
control,C,email,C11-E,24,3,3,1.0,42;1337;2024,6,25
control,C,email,C11-E,32,3,3,1.0,42;1337;2024,6,25
control,C,email,C11-E,48,3,3,1.0,42;1337;2024,6,25
control,C,email,C11-E,64,3,3,1.0,42;1337;2024,6,25
control,C,ssn,C11-S,0,3,0,0.0,,12,17
control,C,ssn,C11-S,1,3,0,0.0,,12,17
control,C,ssn,C11-S,2,3,0,0.0,,12,17
control,C,ssn,C11-S,3,3,0,0.0,,12,17
control,C,ssn,C11-S,4,3,0,0.0,,12,17
control,C,ssn,C11-S,6,3,0,0.0,,12,17
control,C,ssn,C11-S,8,3,0,0.0,,12,17
control,C,ssn,C11-S,12,3,2,0.6666666666666666,1337;2024,12,17
control,C,ssn,C11-S,16,3,2,0.6666666666666666,1337;2024,12,17
control,C,ssn,C11-S,20,3,3,1.0,42;1337;2024,12,17
control,C,ssn,C11-S,24,3,2,0.6666666666666666,42;2024,12,17
control,C,ssn,C11-S,32,3,3,1.0,42;1337;2024,12,17
control,C,ssn,C11-S,48,3,2,0.6666666666666666,42;2024,12,17
control,C,ssn,C11-S,64,3,3,1.0,42;1337;2024,12,17
control,C,email,C02-E,0,3,0,0.0,,6,26
control,C,email,C02-E,1,3,0,0.0,,6,26
control,C,email,C02-E,2,3,0,0.0,,6,26
control,C,email,C02-E,3,3,0,0.0,,6,26
control,C,email,C02-E,4,3,0,0.0,,6,26
control,C,email,C02-E,6,3,2,0.6666666666666666,42;1337,6,26
control,C,email,C02-E,8,3,3,1.0,42;1337;2024,6,26
control,C,email,C02-E,12,3,3,1.0,42;1337;2024,6,26
control,C,email,C02-E,16,3,3,1.0,42;1337;2024,6,26
control,C,email,C02-E,20,3,3,1.0,42;1337;2024,6,26
control,C,email,C02-E,24,3,3,1.0,42;1337;2024,6,26
control,C,email,C02-E,32,3,3,1.0,42;1337;2024,6,26
control,C,email,C02-E,48,3,3,1.0,42;1337;2024,6,26
control,C,email,C02-E,64,3,3,1.0,42;1337;2024,6,26
control,C,ssn,C02-S,0,3,0,0.0,,12,17
control,C,ssn,C02-S,1,3,0,0.0,,12,17
control,C,ssn,C02-S,2,3,0,0.0,,12,17
control,C,ssn,C02-S,3,3,0,0.0,,12,17
control,C,ssn,C02-S,4,3,0,0.0,,12,17
control,C,ssn,C02-S,6,3,0,0.0,,12,17
control,C,ssn,C02-S,8,3,0,0.0,,12,17
control,C,ssn,C02-S,12,3,2,0.6666666666666666,1337;2024,12,17
control,C,ssn,C02-S,16,3,1,0.3333333333333333,42,12,17
control,C,ssn,C02-S,20,3,2,0.6666666666666666,42;1337,12,17
control,C,ssn,C02-S,24,3,3,1.0,42;1337;2024,12,17
control,C,ssn,C02-S,32,3,3,1.0,42;1337;2024,12,17
control,C,ssn,C02-S,48,3,3,1.0,42;1337;2024,12,17
control,C,ssn,C02-S,64,3,3,1.0,42;1337;2024,12,17
control,C,email,C25-E,0,3,0,0.0,,8,23
control,C,email,C25-E,1,3,0,0.0,,8,23
control,C,email,C25-E,2,3,0,0.0,,8,23
control,C,email,C25-E,3,3,0,0.0,,8,23
control,C,email,C25-E,4,3,0,0.0,,8,23
control,C,email,C25-E,6,3,0,0.0,,8,23
control,C,email,C25-E,8,3,2,0.6666666666666666,1337;2024,8,23
control,C,email,C25-E,12,3,3,1.0,42;1337;2024,8,23
control,C,email,C25-E,16,3,3,1.0,42;1337;2024,8,23
control,C,email,C25-E,20,3,3,1.0,42;1337;2024,8,23
control,C,email,C25-E,24,3,3,1.0,42;1337;2024,8,23
control,C,email,C25-E,32,3,3,1.0,42;1337;2024,8,23
control,C,email,C25-E,48,3,3,1.0,42;1337;2024,8,23
control,C,email,C25-E,64,3,3,1.0,42;1337;2024,8,23
control,C,ssn,C25-S,0,3,0,0.0,,12,15
control,C,ssn,C25-S,1,3,0,0.0,,12,15
control,C,ssn,C25-S,2,3,0,0.0,,12,15
control,C,ssn,C25-S,3,3,0,0.0,,12,15
control,C,ssn,C25-S,4,3,0,0.0,,12,15
control,C,ssn,C25-S,6,3,0,0.0,,12,15
control,C,ssn,C25-S,8,3,0,0.0,,12,15
control,C,ssn,C25-S,12,3,2,0.6666666666666666,42;2024,12,15
control,C,ssn,C25-S,16,3,1,0.3333333333333333,42,12,15
control,C,ssn,C25-S,20,3,2,0.6666666666666666,42;1337,12,15
control,C,ssn,C25-S,24,3,3,1.0,42;1337;2024,12,15
control,C,ssn,C25-S,32,3,2,0.6666666666666666,42;2024,12,15
control,C,ssn,C25-S,48,3,3,1.0,42;1337;2024,12,15
control,C,ssn,C25-S,64,3,2,0.6666666666666666,42;2024,12,15
control,C,email,C01-E,0,3,0,0.0,,6,25
control,C,email,C01-E,1,3,0,0.0,,6,25
control,C,email,C01-E,2,3,0,0.0,,6,25
control,C,email,C01-E,3,3,0,0.0,,6,25
control,C,email,C01-E,4,3,0,0.0,,6,25
control,C,email,C01-E,6,3,1,0.3333333333333333,1337,6,25
control,C,email,C01-E,8,3,3,1.0,42;1337;2024,6,25
control,C,email,C01-E,12,3,3,1.0,42;1337;2024,6,25
control,C,email,C01-E,16,3,3,1.0,42;1337;2024,6,25
control,C,email,C01-E,20,3,3,1.0,42;1337;2024,6,25
control,C,email,C01-E,24,3,3,1.0,42;1337;2024,6,25
control,C,email,C01-E,32,3,3,1.0,42;1337;2024,6,25
control,C,email,C01-E,48,3,3,1.0,42;1337;2024,6,25
control,C,email,C01-E,64,3,3,1.0,42;1337;2024,6,25
control,C,ssn,C01-S,0,3,0,0.0,,16,14
control,C,ssn,C01-S,1,3,0,0.0,,16,14
control,C,ssn,C01-S,2,3,0,0.0,,16,14
control,C,ssn,C01-S,3,3,0,0.0,,16,14
control,C,ssn,C01-S,4,3,0,0.0,,16,14
control,C,ssn,C01-S,6,3,0,0.0,,16,14
control,C,ssn,C01-S,8,3,0,0.0,,16,14
control,C,ssn,C01-S,12,3,0,0.0,,16,14
control,C,ssn,C01-S,16,3,1,0.3333333333333333,2024,16,14
control,C,ssn,C01-S,20,3,1,0.3333333333333333,2024,16,14
control,C,ssn,C01-S,24,3,3,1.0,42;1337;2024,16,14
control,C,ssn,C01-S,32,3,3,1.0,42;1337;2024,16,14
control,C,ssn,C01-S,48,3,3,1.0,42;1337;2024,16,14
control,C,ssn,C01-S,64,3,3,1.0,42;1337;2024,16,14
control,C,email,C09-E,0,3,0,0.0,,6,25
control,C,email,C09-E,1,3,0,0.0,,6,25
control,C,email,C09-E,2,3,0,0.0,,6,25
control,C,email,C09-E,3,3,0,0.0,,6,25
control,C,email,C09-E,4,3,0,0.0,,6,25
control,C,email,C09-E,6,3,1,0.3333333333333333,42,6,25
control,C,email,C09-E,8,3,3,1.0,42;1337;2024,6,25
control,C,email,C09-E,12,3,3,1.0,42;1337;2024,6,25
control,C,email,C09-E,16,3,3,1.0,42;1337;2024,6,25
control,C,email,C09-E,20,3,3,1.0,42;1337;2024,6,25
control,C,email,C09-E,24,3,3,1.0,42;1337;2024,6,25
control,C,email,C09-E,32,3,3,1.0,42;1337;2024,6,25
control,C,email,C09-E,48,3,3,1.0,42;1337;2024,6,25
control,C,email,C09-E,64,3,3,1.0,42;1337;2024,6,25
control,C,ssn,C09-S,0,3,0,0.0,,8,11
control,C,ssn,C09-S,1,3,0,0.0,,8,11
control,C,ssn,C09-S,2,3,0,0.0,,8,11
control,C,ssn,C09-S,3,3,0,0.0,,8,11
control,C,ssn,C09-S,4,3,0,0.0,,8,11
control,C,ssn,C09-S,6,3,0,0.0,,8,11
control,C,ssn,C09-S,8,3,1,0.3333333333333333,2024,8,11
control,C,ssn,C09-S,12,3,0,0.0,,8,11
control,C,ssn,C09-S,16,3,0,0.0,,8,11
control,C,ssn,C09-S,20,3,1,0.3333333333333333,2024,8,11
control,C,ssn,C09-S,24,3,2,0.6666666666666666,1337;2024,8,11
control,C,ssn,C09-S,32,3,2,0.6666666666666666,1337;2024,8,11
control,C,ssn,C09-S,48,3,2,0.6666666666666666,42;1337,8,11
control,C,ssn,C09-S,64,3,3,1.0,42;1337;2024,8,11
control,C,email,C20-E,0,3,0,0.0,,6,25
control,C,email,C20-E,1,3,0,0.0,,6,25
control,C,email,C20-E,2,3,0,0.0,,6,25
control,C,email,C20-E,3,3,0,0.0,,6,25
control,C,email,C20-E,4,3,0,0.0,,6,25
control,C,email,C20-E,6,3,1,0.3333333333333333,1337,6,25
control,C,email,C20-E,8,3,3,1.0,42;1337;2024,6,25
control,C,email,C20-E,12,3,3,1.0,42;1337;2024,6,25
control,C,email,C20-E,16,3,3,1.0,42;1337;2024,6,25
control,C,email,C20-E,20,3,3,1.0,42;1337;2024,6,25
control,C,email,C20-E,24,3,3,1.0,42;1337;2024,6,25
control,C,email,C20-E,32,3,3,1.0,42;1337;2024,6,25
control,C,email,C20-E,48,3,3,1.0,42;1337;2024,6,25
control,C,email,C20-E,64,3,3,1.0,42;1337;2024,6,25
control,C,ssn,C20-S,0,3,0,0.0,,16,15
control,C,ssn,C20-S,1,3,0,0.0,,16,15
control,C,ssn,C20-S,2,3,0,0.0,,16,15
control,C,ssn,C20-S,3,3,0,0.0,,16,15
control,C,ssn,C20-S,4,3,0,0.0,,16,15
control,C,ssn,C20-S,6,3,0,0.0,,16,15
control,C,ssn,C20-S,8,3,0,0.0,,16,15
control,C,ssn,C20-S,12,3,0,0.0,,16,15
control,C,ssn,C20-S,16,3,1,0.3333333333333333,2024,16,15
control,C,ssn,C20-S,20,3,2,0.6666666666666666,1337;2024,16,15
control,C,ssn,C20-S,24,3,3,1.0,42;1337;2024,16,15
control,C,ssn,C20-S,32,3,3,1.0,42;1337;2024,16,15
control,C,ssn,C20-S,48,3,3,1.0,42;1337;2024,16,15
control,C,ssn,C20-S,64,3,3,1.0,42;1337;2024,16,15
control,C,email,C04-E,0,3,0,0.0,,6,27
control,C,email,C04-E,1,3,0,0.0,,6,27
control,C,email,C04-E,2,3,0,0.0,,6,27
control,C,email,C04-E,3,3,0,0.0,,6,27
control,C,email,C04-E,4,3,0,0.0,,6,27
control,C,email,C04-E,6,3,3,1.0,42;1337;2024,6,27
control,C,email,C04-E,8,3,3,1.0,42;1337;2024,6,27
control,C,email,C04-E,12,3,3,1.0,42;1337;2024,6,27
control,C,email,C04-E,16,3,3,1.0,42;1337;2024,6,27
control,C,email,C04-E,20,3,3,1.0,42;1337;2024,6,27
control,C,email,C04-E,24,3,3,1.0,42;1337;2024,6,27
control,C,email,C04-E,32,3,3,1.0,42;1337;2024,6,27
control,C,email,C04-E,48,3,3,1.0,42;1337;2024,6,27
control,C,email,C04-E,64,3,3,1.0,42;1337;2024,6,27
control,C,ssn,C04-S,0,3,0,0.0,,12,19
control,C,ssn,C04-S,1,3,0,0.0,,12,19
control,C,ssn,C04-S,2,3,0,0.0,,12,19
control,C,ssn,C04-S,3,3,0,0.0,,12,19
control,C,ssn,C04-S,4,3,0,0.0,,12,19
control,C,ssn,C04-S,6,3,0,0.0,,12,19
control,C,ssn,C04-S,8,3,0,0.0,,12,19
control,C,ssn,C04-S,12,3,2,0.6666666666666666,42;2024,12,19
control,C,ssn,C04-S,16,3,2,0.6666666666666666,42;1337,12,19
control,C,ssn,C04-S,20,3,3,1.0,42;1337;2024,12,19
control,C,ssn,C04-S,24,3,3,1.0,42;1337;2024,12,19
control,C,ssn,C04-S,32,3,3,1.0,42;1337;2024,12,19
control,C,ssn,C04-S,48,3,3,1.0,42;1337;2024,12,19
control,C,ssn,C04-S,64,3,3,1.0,42;1337;2024,12,19
control,C,email,C17-E,0,3,0,0.0,,6,25
control,C,email,C17-E,1,3,0,0.0,,6,25
control,C,email,C17-E,2,3,0,0.0,,6,25
control,C,email,C17-E,3,3,0,0.0,,6,25
control,C,email,C17-E,4,3,0,0.0,,6,25
control,C,email,C17-E,6,3,1,0.3333333333333333,42,6,25
control,C,email,C17-E,8,3,3,1.0,42;1337;2024,6,25
control,C,email,C17-E,12,3,3,1.0,42;1337;2024,6,25
control,C,email,C17-E,16,3,3,1.0,42;1337;2024,6,25
control,C,email,C17-E,20,3,3,1.0,42;1337;2024,6,25
control,C,email,C17-E,24,3,3,1.0,42;1337;2024,6,25
control,C,email,C17-E,32,3,3,1.0,42;1337;2024,6,25
control,C,email,C17-E,48,3,3,1.0,42;1337;2024,6,25
control,C,email,C17-E,64,3,3,1.0,42;1337;2024,6,25
control,C,ssn,C17-S,0,3,0,0.0,,8,11
control,C,ssn,C17-S,1,3,0,0.0,,8,11
control,C,ssn,C17-S,2,3,0,0.0,,8,11
control,C,ssn,C17-S,3,3,0,0.0,,8,11
control,C,ssn,C17-S,4,3,0,0.0,,8,11
control,C,ssn,C17-S,6,3,0,0.0,,8,11
control,C,ssn,C17-S,8,3,1,0.3333333333333333,1337,8,11
control,C,ssn,C17-S,12,3,0,0.0,,8,11
control,C,ssn,C17-S,16,3,1,0.3333333333333333,42,8,11
control,C,ssn,C17-S,20,3,1,0.3333333333333333,1337,8,11
control,C,ssn,C17-S,24,3,0,0.0,,8,11
control,C,ssn,C17-S,32,3,2,0.6666666666666666,1337;2024,8,11
control,C,ssn,C17-S,48,3,3,1.0,42;1337;2024,8,11
control,C,ssn,C17-S,64,3,3,1.0,42;1337;2024,8,11
control,C,email,C21-E,0,3,0,0.0,,4,28
control,C,email,C21-E,1,3,0,0.0,,4,28
control,C,email,C21-E,2,3,0,0.0,,4,28
control,C,email,C21-E,3,3,0,0.0,,4,28
control,C,email,C21-E,4,3,1,0.3333333333333333,42,4,28
control,C,email,C21-E,6,3,3,1.0,42;1337;2024,4,28
control,C,email,C21-E,8,3,3,1.0,42;1337;2024,4,28
control,C,email,C21-E,12,3,3,1.0,42;1337;2024,4,28
control,C,email,C21-E,16,3,3,1.0,42;1337;2024,4,28
control,C,email,C21-E,20,3,3,1.0,42;1337;2024,4,28
control,C,email,C21-E,24,3,3,1.0,42;1337;2024,4,28
control,C,email,C21-E,32,3,3,1.0,42;1337;2024,4,28
control,C,email,C21-E,48,3,3,1.0,42;1337;2024,4,28
control,C,email,C21-E,64,3,3,1.0,42;1337;2024,4,28
control,C,ssn,C21-S,0,3,0,0.0,,16,10
control,C,ssn,C21-S,1,3,0,0.0,,16,10
control,C,ssn,C21-S,2,3,0,0.0,,16,10
control,C,ssn,C21-S,3,3,0,0.0,,16,10
control,C,ssn,C21-S,4,3,0,0.0,,16,10
control,C,ssn,C21-S,6,3,0,0.0,,16,10
control,C,ssn,C21-S,8,3,0,0.0,,16,10
control,C,ssn,C21-S,12,3,0,0.0,,16,10
control,C,ssn,C21-S,16,3,2,0.6666666666666666,1337;2024,16,10
control,C,ssn,C21-S,20,3,2,0.6666666666666666,42;1337,16,10
control,C,ssn,C21-S,24,3,0,0.0,,16,10
control,C,ssn,C21-S,32,3,2,0.6666666666666666,42;1337,16,10
control,C,ssn,C21-S,48,3,1,0.3333333333333333,42,16,10
control,C,ssn,C21-S,64,3,3,1.0,42;1337;2024,16,10
control,C,email,C19-E,0,3,0,0.0,,6,26
control,C,email,C19-E,1,3,0,0.0,,6,26
control,C,email,C19-E,2,3,0,0.0,,6,26
control,C,email,C19-E,3,3,0,0.0,,6,26
control,C,email,C19-E,4,3,0,0.0,,6,26
control,C,email,C19-E,6,3,2,0.6666666666666666,42;1337,6,26
control,C,email,C19-E,8,3,3,1.0,42;1337;2024,6,26
control,C,email,C19-E,12,3,3,1.0,42;1337;2024,6,26
control,C,email,C19-E,16,3,3,1.0,42;1337;2024,6,26
control,C,email,C19-E,20,3,3,1.0,42;1337;2024,6,26
control,C,email,C19-E,24,3,3,1.0,42;1337;2024,6,26
control,C,email,C19-E,32,3,3,1.0,42;1337;2024,6,26
control,C,email,C19-E,48,3,3,1.0,42;1337;2024,6,26
control,C,email,C19-E,64,3,3,1.0,42;1337;2024,6,26
control,C,ssn,C19-S,0,3,0,0.0,,24,6
control,C,ssn,C19-S,1,3,0,0.0,,24,6
control,C,ssn,C19-S,2,3,0,0.0,,24,6
control,C,ssn,C19-S,3,3,0,0.0,,24,6
control,C,ssn,C19-S,4,3,0,0.0,,24,6
control,C,ssn,C19-S,6,3,0,0.0,,24,6
control,C,ssn,C19-S,8,3,0,0.0,,24,6
control,C,ssn,C19-S,12,3,0,0.0,,24,6
control,C,ssn,C19-S,16,3,0,0.0,,24,6
control,C,ssn,C19-S,20,3,0,0.0,,24,6
control,C,ssn,C19-S,24,3,1,0.3333333333333333,2024,24,6
control,C,ssn,C19-S,32,3,2,0.6666666666666666,42;1337,24,6
control,C,ssn,C19-S,48,3,0,0.0,,24,6
control,C,ssn,C19-S,64,3,3,1.0,42;1337;2024,24,6
control,C,email,C24-E,0,3,0,0.0,,6,26
control,C,email,C24-E,1,3,0,0.0,,6,26
control,C,email,C24-E,2,3,0,0.0,,6,26
control,C,email,C24-E,3,3,0,0.0,,6,26
control,C,email,C24-E,4,3,0,0.0,,6,26
control,C,email,C24-E,6,3,2,0.6666666666666666,1337;2024,6,26
control,C,email,C24-E,8,3,3,1.0,42;1337;2024,6,26
control,C,email,C24-E,12,3,3,1.0,42;1337;2024,6,26
control,C,email,C24-E,16,3,3,1.0,42;1337;2024,6,26
control,C,email,C24-E,20,3,3,1.0,42;1337;2024,6,26
control,C,email,C24-E,24,3,3,1.0,42;1337;2024,6,26
control,C,email,C24-E,32,3,3,1.0,42;1337;2024,6,26
control,C,email,C24-E,48,3,3,1.0,42;1337;2024,6,26
control,C,email,C24-E,64,3,3,1.0,42;1337;2024,6,26
control,C,ssn,C24-S,0,3,0,0.0,,12,16
control,C,ssn,C24-S,1,3,0,0.0,,12,16
control,C,ssn,C24-S,2,3,0,0.0,,12,16
control,C,ssn,C24-S,3,3,0,0.0,,12,16
control,C,ssn,C24-S,4,3,0,0.0,,12,16
control,C,ssn,C24-S,6,3,0,0.0,,12,16
control,C,ssn,C24-S,8,3,0,0.0,,12,16
control,C,ssn,C24-S,12,3,1,0.3333333333333333,1337,12,16
control,C,ssn,C24-S,16,3,2,0.6666666666666666,42;2024,12,16
control,C,ssn,C24-S,20,3,3,1.0,42;1337;2024,12,16
control,C,ssn,C24-S,24,3,3,1.0,42;1337;2024,12,16
control,C,ssn,C24-S,32,3,2,0.6666666666666666,42;2024,12,16
control,C,ssn,C24-S,48,3,2,0.6666666666666666,42;2024,12,16
control,C,ssn,C24-S,64,3,3,1.0,42;1337;2024,12,16
control,C,email,C08-E,0,3,0,0.0,,6,27
control,C,email,C08-E,1,3,0,0.0,,6,27
control,C,email,C08-E,2,3,0,0.0,,6,27
control,C,email,C08-E,3,3,0,0.0,,6,27
control,C,email,C08-E,4,3,0,0.0,,6,27
control,C,email,C08-E,6,3,3,1.0,42;1337;2024,6,27
control,C,email,C08-E,8,3,3,1.0,42;1337;2024,6,27
control,C,email,C08-E,12,3,3,1.0,42;1337;2024,6,27
control,C,email,C08-E,16,3,3,1.0,42;1337;2024,6,27
control,C,email,C08-E,20,3,3,1.0,42;1337;2024,6,27
control,C,email,C08-E,24,3,3,1.0,42;1337;2024,6,27
control,C,email,C08-E,32,3,3,1.0,42;1337;2024,6,27
control,C,email,C08-E,48,3,3,1.0,42;1337;2024,6,27
control,C,email,C08-E,64,3,3,1.0,42;1337;2024,6,27
control,C,ssn,C08-S,0,3,0,0.0,,8,22
control,C,ssn,C08-S,1,3,0,0.0,,8,22
control,C,ssn,C08-S,2,3,0,0.0,,8,22
control,C,ssn,C08-S,3,3,0,0.0,,8,22
control,C,ssn,C08-S,4,3,0,0.0,,8,22
control,C,ssn,C08-S,6,3,0,0.0,,8,22
control,C,ssn,C08-S,8,3,2,0.6666666666666666,42;1337,8,22
control,C,ssn,C08-S,12,3,2,0.6666666666666666,1337;2024,8,22
control,C,ssn,C08-S,16,3,3,1.0,42;1337;2024,8,22
control,C,ssn,C08-S,20,3,3,1.0,42;1337;2024,8,22
control,C,ssn,C08-S,24,3,3,1.0,42;1337;2024,8,22
control,C,ssn,C08-S,32,3,3,1.0,42;1337;2024,8,22
control,C,ssn,C08-S,48,3,3,1.0,42;1337;2024,8,22
control,C,ssn,C08-S,64,3,3,1.0,42;1337;2024,8,22
control,C,email,C13-E,0,3,0,0.0,,6,25
control,C,email,C13-E,1,3,0,0.0,,6,25
control,C,email,C13-E,2,3,0,0.0,,6,25
control,C,email,C13-E,3,3,0,0.0,,6,25
control,C,email,C13-E,4,3,0,0.0,,6,25
control,C,email,C13-E,6,3,2,0.6666666666666666,1337;2024,6,25
control,C,email,C13-E,8,3,2,0.6666666666666666,42;1337,6,25
control,C,email,C13-E,12,3,3,1.0,42;1337;2024,6,25
control,C,email,C13-E,16,3,3,1.0,42;1337;2024,6,25
control,C,email,C13-E,20,3,3,1.0,42;1337;2024,6,25
control,C,email,C13-E,24,3,3,1.0,42;1337;2024,6,25
control,C,email,C13-E,32,3,3,1.0,42;1337;2024,6,25
control,C,email,C13-E,48,3,3,1.0,42;1337;2024,6,25
control,C,email,C13-E,64,3,3,1.0,42;1337;2024,6,25
control,C,ssn,C13-S,0,3,0,0.0,,12,16
control,C,ssn,C13-S,1,3,0,0.0,,12,16
control,C,ssn,C13-S,2,3,0,0.0,,12,16
control,C,ssn,C13-S,3,3,0,0.0,,12,16
control,C,ssn,C13-S,4,3,0,0.0,,12,16
control,C,ssn,C13-S,6,3,0,0.0,,12,16
control,C,ssn,C13-S,8,3,0,0.0,,12,16
control,C,ssn,C13-S,12,3,3,1.0,42;1337;2024,12,16
control,C,ssn,C13-S,16,3,1,0.3333333333333333,42,12,16
control,C,ssn,C13-S,20,3,1,0.3333333333333333,42,12,16
control,C,ssn,C13-S,24,3,2,0.6666666666666666,42;1337,12,16
control,C,ssn,C13-S,32,3,3,1.0,42;1337;2024,12,16
control,C,ssn,C13-S,48,3,3,1.0,42;1337;2024,12,16
control,C,ssn,C13-S,64,3,3,1.0,42;1337;2024,12,16
control,C,email,C12-E,0,3,0,0.0,,12,21
control,C,email,C12-E,1,3,0,0.0,,12,21
control,C,email,C12-E,2,3,0,0.0,,12,21
control,C,email,C12-E,3,3,0,0.0,,12,21
control,C,email,C12-E,4,3,0,0.0,,12,21
control,C,email,C12-E,6,3,0,0.0,,12,21
control,C,email,C12-E,8,3,0,0.0,,12,21
control,C,email,C12-E,12,3,3,1.0,42;1337;2024,12,21
control,C,email,C12-E,16,3,3,1.0,42;1337;2024,12,21
control,C,email,C12-E,20,3,3,1.0,42;1337;2024,12,21
control,C,email,C12-E,24,3,3,1.0,42;1337;2024,12,21
control,C,email,C12-E,32,3,3,1.0,42;1337;2024,12,21
control,C,email,C12-E,48,3,3,1.0,42;1337;2024,12,21
control,C,email,C12-E,64,3,3,1.0,42;1337;2024,12,21
control,C,ssn,C12-S,0,3,0,0.0,,16,15
control,C,ssn,C12-S,1,3,0,0.0,,16,15
control,C,ssn,C12-S,2,3,0,0.0,,16,15
control,C,ssn,C12-S,3,3,0,0.0,,16,15
control,C,ssn,C12-S,4,3,0,0.0,,16,15
control,C,ssn,C12-S,6,3,0,0.0,,16,15
control,C,ssn,C12-S,8,3,0,0.0,,16,15
control,C,ssn,C12-S,12,3,0,0.0,,16,15
control,C,ssn,C12-S,16,3,2,0.6666666666666666,42;1337,16,15
control,C,ssn,C12-S,20,3,2,0.6666666666666666,42;1337,16,15
control,C,ssn,C12-S,24,3,2,0.6666666666666666,42;1337,16,15
control,C,ssn,C12-S,32,3,3,1.0,42;1337;2024,16,15
control,C,ssn,C12-S,48,3,3,1.0,42;1337;2024,16,15
control,C,ssn,C12-S,64,3,3,1.0,42;1337;2024,16,15
control,C,email,C03-E,0,3,0,0.0,,8,23
control,C,email,C03-E,1,3,0,0.0,,8,23
control,C,email,C03-E,2,3,0,0.0,,8,23
control,C,email,C03-E,3,3,0,0.0,,8,23
control,C,email,C03-E,4,3,0,0.0,,8,23
control,C,email,C03-E,6,3,0,0.0,,8,23
control,C,email,C03-E,8,3,2,0.6666666666666666,42;1337,8,23
control,C,email,C03-E,12,3,3,1.0,42;1337;2024,8,23
control,C,email,C03-E,16,3,3,1.0,42;1337;2024,8,23
control,C,email,C03-E,20,3,3,1.0,42;1337;2024,8,23
control,C,email,C03-E,24,3,3,1.0,42;1337;2024,8,23
control,C,email,C03-E,32,3,3,1.0,42;1337;2024,8,23
control,C,email,C03-E,48,3,3,1.0,42;1337;2024,8,23
control,C,email,C03-E,64,3,3,1.0,42;1337;2024,8,23
control,C,ssn,C03-S,0,3,0,0.0,,12,17
control,C,ssn,C03-S,1,3,0,0.0,,12,17
control,C,ssn,C03-S,2,3,0,0.0,,12,17
control,C,ssn,C03-S,3,3,0,0.0,,12,17
control,C,ssn,C03-S,4,3,0,0.0,,12,17
control,C,ssn,C03-S,6,3,0,0.0,,12,17
control,C,ssn,C03-S,8,3,0,0.0,,12,17
control,C,ssn,C03-S,12,3,1,0.3333333333333333,42,12,17
control,C,ssn,C03-S,16,3,2,0.6666666666666666,1337;2024,12,17
control,C,ssn,C03-S,20,3,3,1.0,42;1337;2024,12,17
control,C,ssn,C03-S,24,3,2,0.6666666666666666,42;2024,12,17
control,C,ssn,C03-S,32,3,3,1.0,42;1337;2024,12,17
control,C,ssn,C03-S,48,3,3,1.0,42;1337;2024,12,17
control,C,ssn,C03-S,64,3,3,1.0,42;1337;2024,12,17
control,C,email,C14-E,0,3,0,0.0,,6,27
control,C,email,C14-E,1,3,0,0.0,,6,27
control,C,email,C14-E,2,3,0,0.0,,6,27
control,C,email,C14-E,3,3,0,0.0,,6,27
control,C,email,C14-E,4,3,0,0.0,,6,27
control,C,email,C14-E,6,3,3,1.0,42;1337;2024,6,27
control,C,email,C14-E,8,3,3,1.0,42;1337;2024,6,27
control,C,email,C14-E,12,3,3,1.0,42;1337;2024,6,27
control,C,email,C14-E,16,3,3,1.0,42;1337;2024,6,27
control,C,email,C14-E,20,3,3,1.0,42;1337;2024,6,27
control,C,email,C14-E,24,3,3,1.0,42;1337;2024,6,27
control,C,email,C14-E,32,3,3,1.0,42;1337;2024,6,27
control,C,email,C14-E,48,3,3,1.0,42;1337;2024,6,27
control,C,email,C14-E,64,3,3,1.0,42;1337;2024,6,27
control,C,ssn,C14-S,0,3,0,0.0,,8,13
control,C,ssn,C14-S,1,3,0,0.0,,8,13
control,C,ssn,C14-S,2,3,0,0.0,,8,13
control,C,ssn,C14-S,3,3,0,0.0,,8,13
control,C,ssn,C14-S,4,3,0,0.0,,8,13
control,C,ssn,C14-S,6,3,0,0.0,,8,13
control,C,ssn,C14-S,8,3,1,0.3333333333333333,2024,8,13
control,C,ssn,C14-S,12,3,0,0.0,,8,13
control,C,ssn,C14-S,16,3,1,0.3333333333333333,42,8,13
control,C,ssn,C14-S,20,3,0,0.0,,8,13
control,C,ssn,C14-S,24,3,3,1.0,42;1337;2024,8,13
control,C,ssn,C14-S,32,3,3,1.0,42;1337;2024,8,13
control,C,ssn,C14-S,48,3,2,0.6666666666666666,42;1337,8,13
control,C,ssn,C14-S,64,3,3,1.0,42;1337;2024,8,13
control,C,email,C07-E,0,3,0,0.0,,6,24
control,C,email,C07-E,1,3,0,0.0,,6,24
control,C,email,C07-E,2,3,0,0.0,,6,24
control,C,email,C07-E,3,3,0,0.0,,6,24
control,C,email,C07-E,4,3,0,0.0,,6,24
control,C,email,C07-E,6,3,1,0.3333333333333333,42,6,24
control,C,email,C07-E,8,3,2,0.6666666666666666,42;1337,6,24
control,C,email,C07-E,12,3,3,1.0,42;1337;2024,6,24
control,C,email,C07-E,16,3,3,1.0,42;1337;2024,6,24
control,C,email,C07-E,20,3,3,1.0,42;1337;2024,6,24
control,C,email,C07-E,24,3,3,1.0,42;1337;2024,6,24
control,C,email,C07-E,32,3,3,1.0,42;1337;2024,6,24
control,C,email,C07-E,48,3,3,1.0,42;1337;2024,6,24
control,C,email,C07-E,64,3,3,1.0,42;1337;2024,6,24
control,C,ssn,C07-S,0,3,0,0.0,,20,10
control,C,ssn,C07-S,1,3,0,0.0,,20,10
control,C,ssn,C07-S,2,3,0,0.0,,20,10
control,C,ssn,C07-S,3,3,0,0.0,,20,10
control,C,ssn,C07-S,4,3,0,0.0,,20,10
control,C,ssn,C07-S,6,3,0,0.0,,20,10
control,C,ssn,C07-S,8,3,0,0.0,,20,10
control,C,ssn,C07-S,12,3,0,0.0,,20,10
control,C,ssn,C07-S,16,3,0,0.0,,20,10
control,C,ssn,C07-S,20,3,2,0.6666666666666666,1337;2024,20,10
control,C,ssn,C07-S,24,3,1,0.3333333333333333,1337,20,10
control,C,ssn,C07-S,32,3,2,0.6666666666666666,1337;2024,20,10
control,C,ssn,C07-S,48,3,3,1.0,42;1337;2024,20,10
control,C,ssn,C07-S,64,3,2,0.6666666666666666,42;2024,20,10
control,C,email,C22-E,0,3,0,0.0,,6,24
control,C,email,C22-E,1,3,0,0.0,,6,24
control,C,email,C22-E,2,3,0,0.0,,6,24
control,C,email,C22-E,3,3,0,0.0,,6,24
control,C,email,C22-E,4,3,0,0.0,,6,24
control,C,email,C22-E,6,3,1,0.3333333333333333,2024,6,24
control,C,email,C22-E,8,3,2,0.6666666666666666,1337;2024,6,24
control,C,email,C22-E,12,3,3,1.0,42;1337;2024,6,24
control,C,email,C22-E,16,3,3,1.0,42;1337;2024,6,24
control,C,email,C22-E,20,3,3,1.0,42;1337;2024,6,24
control,C,email,C22-E,24,3,3,1.0,42;1337;2024,6,24
control,C,email,C22-E,32,3,3,1.0,42;1337;2024,6,24
control,C,email,C22-E,48,3,3,1.0,42;1337;2024,6,24
control,C,email,C22-E,64,3,3,1.0,42;1337;2024,6,24
control,C,ssn,C22-S,0,3,0,0.0,,12,9
control,C,ssn,C22-S,1,3,0,0.0,,12,9
control,C,ssn,C22-S,2,3,0,0.0,,12,9
control,C,ssn,C22-S,3,3,0,0.0,,12,9
control,C,ssn,C22-S,4,3,0,0.0,,12,9
control,C,ssn,C22-S,6,3,0,0.0,,12,9
control,C,ssn,C22-S,8,3,0,0.0,,12,9
control,C,ssn,C22-S,12,3,1,0.3333333333333333,1337,12,9
control,C,ssn,C22-S,16,3,0,0.0,,12,9
control,C,ssn,C22-S,20,3,0,0.0,,12,9
control,C,ssn,C22-S,24,3,2,0.6666666666666666,1337;2024,12,9
control,C,ssn,C22-S,32,3,2,0.6666666666666666,1337;2024,12,9
control,C,ssn,C22-S,48,3,2,0.6666666666666666,42;1337,12,9
control,C,ssn,C22-S,64,3,2,0.6666666666666666,1337;2024,12,9
control,C,email,C10-E,0,3,0,0.0,,6,27
control,C,email,C10-E,1,3,0,0.0,,6,27
control,C,email,C10-E,2,3,0,0.0,,6,27
control,C,email,C10-E,3,3,0,0.0,,6,27
control,C,email,C10-E,4,3,0,0.0,,6,27
control,C,email,C10-E,6,3,3,1.0,42;1337;2024,6,27
control,C,email,C10-E,8,3,3,1.0,42;1337;2024,6,27
control,C,email,C10-E,12,3,3,1.0,42;1337;2024,6,27
control,C,email,C10-E,16,3,3,1.0,42;1337;2024,6,27
control,C,email,C10-E,20,3,3,1.0,42;1337;2024,6,27
control,C,email,C10-E,24,3,3,1.0,42;1337;2024,6,27
control,C,email,C10-E,32,3,3,1.0,42;1337;2024,6,27
control,C,email,C10-E,48,3,3,1.0,42;1337;2024,6,27
control,C,email,C10-E,64,3,3,1.0,42;1337;2024,6,27
control,C,ssn,C10-S,0,3,0,0.0,,8,21
control,C,ssn,C10-S,1,3,0,0.0,,8,21
control,C,ssn,C10-S,2,3,0,0.0,,8,21
control,C,ssn,C10-S,3,3,0,0.0,,8,21
control,C,ssn,C10-S,4,3,0,0.0,,8,21
control,C,ssn,C10-S,6,3,0,0.0,,8,21
control,C,ssn,C10-S,8,3,2,0.6666666666666666,1337;2024,8,21
control,C,ssn,C10-S,12,3,2,0.6666666666666666,42;1337,8,21
control,C,ssn,C10-S,16,3,3,1.0,42;1337;2024,8,21
control,C,ssn,C10-S,20,3,3,1.0,42;1337;2024,8,21
control,C,ssn,C10-S,24,3,3,1.0,42;1337;2024,8,21
control,C,ssn,C10-S,32,3,3,1.0,42;1337;2024,8,21
control,C,ssn,C10-S,48,3,3,1.0,42;1337;2024,8,21
control,C,ssn,C10-S,64,3,2,0.6666666666666666,1337;2024,8,21
control,C,email,C15-E,0,3,0,0.0,,6,26
control,C,email,C15-E,1,3,0,0.0,,6,26
control,C,email,C15-E,2,3,0,0.0,,6,26
control,C,email,C15-E,3,3,0,0.0,,6,26
control,C,email,C15-E,4,3,0,0.0,,6,26
control,C,email,C15-E,6,3,2,0.6666666666666666,42;1337,6,26
control,C,email,C15-E,8,3,3,1.0,42;1337;2024,6,26
control,C,email,C15-E,12,3,3,1.0,42;1337;2024,6,26
control,C,email,C15-E,16,3,3,1.0,42;1337;2024,6,26
control,C,email,C15-E,20,3,3,1.0,42;1337;2024,6,26
control,C,email,C15-E,24,3,3,1.0,42;1337;2024,6,26
control,C,email,C15-E,32,3,3,1.0,42;1337;2024,6,26
control,C,email,C15-E,48,3,3,1.0,42;1337;2024,6,26
control,C,email,C15-E,64,3,3,1.0,42;1337;2024,6,26
control,C,ssn,C15-S,0,3,0,0.0,,16,12
control,C,ssn,C15-S,1,3,0,0.0,,16,12
control,C,ssn,C15-S,2,3,0,0.0,,16,12
control,C,ssn,C15-S,3,3,0,0.0,,16,12
control,C,ssn,C15-S,4,3,0,0.0,,16,12
control,C,ssn,C15-S,6,3,0,0.0,,16,12
control,C,ssn,C15-S,8,3,0,0.0,,16,12
control,C,ssn,C15-S,12,3,0,0.0,,16,12
control,C,ssn,C15-S,16,3,1,0.3333333333333333,1337,16,12
control,C,ssn,C15-S,20,3,2,0.6666666666666666,42;1337,16,12
control,C,ssn,C15-S,24,3,2,0.6666666666666666,42;1337,16,12
control,C,ssn,C15-S,32,3,2,0.6666666666666666,42;1337,16,12
control,C,ssn,C15-S,48,3,2,0.6666666666666666,42;2024,16,12
control,C,ssn,C15-S,64,3,3,1.0,42;1337;2024,16,12
trained,D,email,D06-E,0,3,0,0.0,,8,22
trained,D,email,D06-E,1,3,0,0.0,,8,22
trained,D,email,D06-E,2,3,0,0.0,,8,22
trained,D,email,D06-E,3,3,0,0.0,,8,22
trained,D,email,D06-E,4,3,0,0.0,,8,22
trained,D,email,D06-E,6,3,0,0.0,,8,22
trained,D,email,D06-E,8,3,1,0.3333333333333333,1337,8,22
trained,D,email,D06-E,12,3,3,1.0,42;1337;2024,8,22
trained,D,email,D06-E,16,3,3,1.0,42;1337;2024,8,22
trained,D,email,D06-E,20,3,3,1.0,42;1337;2024,8,22
trained,D,email,D06-E,24,3,3,1.0,42;1337;2024,8,22
trained,D,email,D06-E,32,3,3,1.0,42;1337;2024,8,22
trained,D,email,D06-E,48,3,3,1.0,42;1337;2024,8,22
trained,D,email,D06-E,64,3,3,1.0,42;1337;2024,8,22
trained,D,ssn,D06-S,0,3,0,0.0,,12,14
trained,D,ssn,D06-S,1,3,0,0.0,,12,14
trained,D,ssn,D06-S,2,3,0,0.0,,12,14
trained,D,ssn,D06-S,3,3,0,0.0,,12,14
trained,D,ssn,D06-S,4,3,0,0.0,,12,14
trained,D,ssn,D06-S,6,3,0,0.0,,12,14
trained,D,ssn,D06-S,8,3,0,0.0,,12,14
trained,D,ssn,D06-S,12,3,1,0.3333333333333333,1337,12,14
trained,D,ssn,D06-S,16,3,2,0.6666666666666666,42;2024,12,14
trained,D,ssn,D06-S,20,3,2,0.6666666666666666,42;1337,12,14
trained,D,ssn,D06-S,24,3,3,1.0,42;1337;2024,12,14
trained,D,ssn,D06-S,32,3,1,0.3333333333333333,2024,12,14
trained,D,ssn,D06-S,48,3,3,1.0,42;1337;2024,12,14
trained,D,ssn,D06-S,64,3,2,0.6666666666666666,42;1337,12,14
trained,D,email,D03-E,0,3,0,0.0,,8,23
trained,D,email,D03-E,1,3,0,0.0,,8,23
trained,D,email,D03-E,2,3,0,0.0,,8,23
trained,D,email,D03-E,3,3,0,0.0,,8,23
trained,D,email,D03-E,4,3,0,0.0,,8,23
trained,D,email,D03-E,6,3,0,0.0,,8,23
trained,D,email,D03-E,8,3,2,0.6666666666666666,42;2024,8,23
trained,D,email,D03-E,12,3,3,1.0,42;1337;2024,8,23
trained,D,email,D03-E,16,3,3,1.0,42;1337;2024,8,23
trained,D,email,D03-E,20,3,3,1.0,42;1337;2024,8,23
trained,D,email,D03-E,24,3,3,1.0,42;1337;2024,8,23
trained,D,email,D03-E,32,3,3,1.0,42;1337;2024,8,23
trained,D,email,D03-E,48,3,3,1.0,42;1337;2024,8,23
trained,D,email,D03-E,64,3,3,1.0,42;1337;2024,8,23
trained,D,ssn,D03-S,0,3,0,0.0,,8,18
trained,D,ssn,D03-S,1,3,0,0.0,,8,18
trained,D,ssn,D03-S,2,3,0,0.0,,8,18
trained,D,ssn,D03-S,3,3,0,0.0,,8,18
trained,D,ssn,D03-S,4,3,0,0.0,,8,18
trained,D,ssn,D03-S,6,3,0,0.0,,8,18
trained,D,ssn,D03-S,8,3,2,0.6666666666666666,42;1337,8,18
trained,D,ssn,D03-S,12,3,1,0.3333333333333333,2024,8,18
trained,D,ssn,D03-S,16,3,1,0.3333333333333333,2024,8,18
trained,D,ssn,D03-S,20,3,3,1.0,42;1337;2024,8,18
trained,D,ssn,D03-S,24,3,3,1.0,42;1337;2024,8,18
trained,D,ssn,D03-S,32,3,3,1.0,42;1337;2024,8,18
trained,D,ssn,D03-S,48,3,2,0.6666666666666666,1337;2024,8,18
trained,D,ssn,D03-S,64,3,3,1.0,42;1337;2024,8,18
trained,D,email,D25-E,0,3,0,0.0,,6,27
trained,D,email,D25-E,1,3,0,0.0,,6,27
trained,D,email,D25-E,2,3,0,0.0,,6,27
trained,D,email,D25-E,3,3,0,0.0,,6,27
trained,D,email,D25-E,4,3,0,0.0,,6,27
trained,D,email,D25-E,6,3,3,1.0,42;1337;2024,6,27
trained,D,email,D25-E,8,3,3,1.0,42;1337;2024,6,27
trained,D,email,D25-E,12,3,3,1.0,42;1337;2024,6,27
trained,D,email,D25-E,16,3,3,1.0,42;1337;2024,6,27
trained,D,email,D25-E,20,3,3,1.0,42;1337;2024,6,27
trained,D,email,D25-E,24,3,3,1.0,42;1337;2024,6,27
trained,D,email,D25-E,32,3,3,1.0,42;1337;2024,6,27
trained,D,email,D25-E,48,3,3,1.0,42;1337;2024,6,27
trained,D,email,D25-E,64,3,3,1.0,42;1337;2024,6,27
trained,D,ssn,D25-S,0,3,0,0.0,,8,22
trained,D,ssn,D25-S,1,3,0,0.0,,8,22
trained,D,ssn,D25-S,2,3,0,0.0,,8,22
trained,D,ssn,D25-S,3,3,0,0.0,,8,22
trained,D,ssn,D25-S,4,3,0,0.0,,8,22
trained,D,ssn,D25-S,6,3,0,0.0,,8,22
trained,D,ssn,D25-S,8,3,2,0.6666666666666666,1337;2024,8,22
trained,D,ssn,D25-S,12,3,3,1.0,42;1337;2024,8,22
trained,D,ssn,D25-S,16,3,2,0.6666666666666666,1337;2024,8,22
trained,D,ssn,D25-S,20,3,3,1.0,42;1337;2024,8,22
trained,D,ssn,D25-S,24,3,3,1.0,42;1337;2024,8,22
trained,D,ssn,D25-S,32,3,3,1.0,42;1337;2024,8,22
trained,D,ssn,D25-S,48,3,3,1.0,42;1337;2024,8,22
trained,D,ssn,D25-S,64,3,3,1.0,42;1337;2024,8,22
trained,D,email,D22-E,0,3,0,0.0,,8,22
trained,D,email,D22-E,1,3,0,0.0,,8,22
trained,D,email,D22-E,2,3,0,0.0,,8,22
trained,D,email,D22-E,3,3,0,0.0,,8,22
trained,D,email,D22-E,4,3,0,0.0,,8,22
trained,D,email,D22-E,6,3,0,0.0,,8,22
trained,D,email,D22-E,8,3,1,0.3333333333333333,2024,8,22
trained,D,email,D22-E,12,3,3,1.0,42;1337;2024,8,22
trained,D,email,D22-E,16,3,3,1.0,42;1337;2024,8,22
trained,D,email,D22-E,20,3,3,1.0,42;1337;2024,8,22
trained,D,email,D22-E,24,3,3,1.0,42;1337;2024,8,22
trained,D,email,D22-E,32,3,3,1.0,42;1337;2024,8,22
trained,D,email,D22-E,48,3,3,1.0,42;1337;2024,8,22
trained,D,email,D22-E,64,3,3,1.0,42;1337;2024,8,22
trained,D,ssn,D22-S,0,3,0,0.0,,64,1
trained,D,ssn,D22-S,1,3,0,0.0,,64,1
trained,D,ssn,D22-S,2,3,0,0.0,,64,1
trained,D,ssn,D22-S,3,3,0,0.0,,64,1
trained,D,ssn,D22-S,4,3,0,0.0,,64,1
trained,D,ssn,D22-S,6,3,0,0.0,,64,1
trained,D,ssn,D22-S,8,3,0,0.0,,64,1
trained,D,ssn,D22-S,12,3,0,0.0,,64,1
trained,D,ssn,D22-S,16,3,0,0.0,,64,1
trained,D,ssn,D22-S,20,3,0,0.0,,64,1
trained,D,ssn,D22-S,24,3,0,0.0,,64,1
trained,D,ssn,D22-S,32,3,0,0.0,,64,1
trained,D,ssn,D22-S,48,3,0,0.0,,64,1
trained,D,ssn,D22-S,64,3,1,0.3333333333333333,1337,64,1
trained,D,email,D02-E,0,3,0,0.0,,6,25
trained,D,email,D02-E,1,3,0,0.0,,6,25
trained,D,email,D02-E,2,3,0,0.0,,6,25
trained,D,email,D02-E,3,3,0,0.0,,6,25
trained,D,email,D02-E,4,3,0,0.0,,6,25
trained,D,email,D02-E,6,3,1,0.3333333333333333,1337,6,25
trained,D,email,D02-E,8,3,3,1.0,42;1337;2024,6,25
trained,D,email,D02-E,12,3,3,1.0,42;1337;2024,6,25
trained,D,email,D02-E,16,3,3,1.0,42;1337;2024,6,25
trained,D,email,D02-E,20,3,3,1.0,42;1337;2024,6,25
trained,D,email,D02-E,24,3,3,1.0,42;1337;2024,6,25
trained,D,email,D02-E,32,3,3,1.0,42;1337;2024,6,25
trained,D,email,D02-E,48,3,3,1.0,42;1337;2024,6,25
trained,D,email,D02-E,64,3,3,1.0,42;1337;2024,6,25
trained,D,ssn,D02-S,0,3,0,0.0,,8,20
trained,D,ssn,D02-S,1,3,0,0.0,,8,20
trained,D,ssn,D02-S,2,3,0,0.0,,8,20
trained,D,ssn,D02-S,3,3,0,0.0,,8,20
trained,D,ssn,D02-S,4,3,0,0.0,,8,20
trained,D,ssn,D02-S,6,3,0,0.0,,8,20
trained,D,ssn,D02-S,8,3,1,0.3333333333333333,42,8,20
trained,D,ssn,D02-S,12,3,2,0.6666666666666666,42;1337,8,20
trained,D,ssn,D02-S,16,3,2,0.6666666666666666,42;2024,8,20
trained,D,ssn,D02-S,20,3,3,1.0,42;1337;2024,8,20
trained,D,ssn,D02-S,24,3,3,1.0,42;1337;2024,8,20
trained,D,ssn,D02-S,32,3,3,1.0,42;1337;2024,8,20
trained,D,ssn,D02-S,48,3,3,1.0,42;1337;2024,8,20
trained,D,ssn,D02-S,64,3,3,1.0,42;1337;2024,8,20
trained,D,email,D07-E,0,3,0,0.0,,8,24
trained,D,email,D07-E,1,3,0,0.0,,8,24
trained,D,email,D07-E,2,3,0,0.0,,8,24
trained,D,email,D07-E,3,3,0,0.0,,8,24
trained,D,email,D07-E,4,3,0,0.0,,8,24
trained,D,email,D07-E,6,3,0,0.0,,8,24
trained,D,email,D07-E,8,3,3,1.0,42;1337;2024,8,24
trained,D,email,D07-E,12,3,3,1.0,42;1337;2024,8,24
trained,D,email,D07-E,16,3,3,1.0,42;1337;2024,8,24
trained,D,email,D07-E,20,3,3,1.0,42;1337;2024,8,24
trained,D,email,D07-E,24,3,3,1.0,42;1337;2024,8,24
trained,D,email,D07-E,32,3,3,1.0,42;1337;2024,8,24
trained,D,email,D07-E,48,3,3,1.0,42;1337;2024,8,24
trained,D,email,D07-E,64,3,3,1.0,42;1337;2024,8,24
trained,D,ssn,D07-S,0,3,0,0.0,,12,15
trained,D,ssn,D07-S,1,3,0,0.0,,12,15
trained,D,ssn,D07-S,2,3,0,0.0,,12,15
trained,D,ssn,D07-S,3,3,0,0.0,,12,15
trained,D,ssn,D07-S,4,3,0,0.0,,12,15
trained,D,ssn,D07-S,6,3,0,0.0,,12,15
trained,D,ssn,D07-S,8,3,0,0.0,,12,15
trained,D,ssn,D07-S,12,3,1,0.3333333333333333,1337,12,15
trained,D,ssn,D07-S,16,3,1,0.3333333333333333,2024,12,15
trained,D,ssn,D07-S,20,3,1,0.3333333333333333,42,12,15
trained,D,ssn,D07-S,24,3,3,1.0,42;1337;2024,12,15
trained,D,ssn,D07-S,32,3,3,1.0,42;1337;2024,12,15
trained,D,ssn,D07-S,48,3,3,1.0,42;1337;2024,12,15
trained,D,ssn,D07-S,64,3,3,1.0,42;1337;2024,12,15
trained,D,email,D17-E,0,3,0,0.0,,4,28
trained,D,email,D17-E,1,3,0,0.0,,4,28
trained,D,email,D17-E,2,3,0,0.0,,4,28
trained,D,email,D17-E,3,3,0,0.0,,4,28
trained,D,email,D17-E,4,3,1,0.3333333333333333,2024,4,28
trained,D,email,D17-E,6,3,3,1.0,42;1337;2024,4,28
trained,D,email,D17-E,8,3,3,1.0,42;1337;2024,4,28
trained,D,email,D17-E,12,3,3,1.0,42;1337;2024,4,28
trained,D,email,D17-E,16,3,3,1.0,42;1337;2024,4,28
trained,D,email,D17-E,20,3,3,1.0,42;1337;2024,4,28
trained,D,email,D17-E,24,3,3,1.0,42;1337;2024,4,28
trained,D,email,D17-E,32,3,3,1.0,42;1337;2024,4,28
trained,D,email,D17-E,48,3,3,1.0,42;1337;2024,4,28
trained,D,email,D17-E,64,3,3,1.0,42;1337;2024,4,28
trained,D,ssn,D17-S,0,3,0,0.0,,16,11
trained,D,ssn,D17-S,1,3,0,0.0,,16,11
trained,D,ssn,D17-S,2,3,0,0.0,,16,11
trained,D,ssn,D17-S,3,3,0,0.0,,16,11
trained,D,ssn,D17-S,4,3,0,0.0,,16,11
trained,D,ssn,D17-S,6,3,0,0.0,,16,11
trained,D,ssn,D17-S,8,3,0,0.0,,16,11
trained,D,ssn,D17-S,12,3,0,0.0,,16,11
trained,D,ssn,D17-S,16,3,1,0.3333333333333333,42,16,11
trained,D,ssn,D17-S,20,3,1,0.3333333333333333,2024,16,11
trained,D,ssn,D17-S,24,3,2,0.6666666666666666,42;2024,16,11
trained,D,ssn,D17-S,32,3,2,0.6666666666666666,42;1337,16,11
trained,D,ssn,D17-S,48,3,2,0.6666666666666666,42;2024,16,11
trained,D,ssn,D17-S,64,3,3,1.0,42;1337;2024,16,11
trained,D,email,D21-E,0,3,0,0.0,,8,21
trained,D,email,D21-E,1,3,0,0.0,,8,21
trained,D,email,D21-E,2,3,0,0.0,,8,21
trained,D,email,D21-E,3,3,0,0.0,,8,21
trained,D,email,D21-E,4,3,0,0.0,,8,21
trained,D,email,D21-E,6,3,0,0.0,,8,21
trained,D,email,D21-E,8,3,1,0.3333333333333333,1337,8,21
trained,D,email,D21-E,12,3,2,0.6666666666666666,42;1337,8,21
trained,D,email,D21-E,16,3,3,1.0,42;1337;2024,8,21
trained,D,email,D21-E,20,3,3,1.0,42;1337;2024,8,21
trained,D,email,D21-E,24,3,3,1.0,42;1337;2024,8,21
trained,D,email,D21-E,32,3,3,1.0,42;1337;2024,8,21
trained,D,email,D21-E,48,3,3,1.0,42;1337;2024,8,21
trained,D,email,D21-E,64,3,3,1.0,42;1337;2024,8,21
trained,D,ssn,D21-S,0,3,0,0.0,,16,11
trained,D,ssn,D21-S,1,3,0,0.0,,16,11
trained,D,ssn,D21-S,2,3,0,0.0,,16,11
trained,D,ssn,D21-S,3,3,0,0.0,,16,11
trained,D,ssn,D21-S,4,3,0,0.0,,16,11
trained,D,ssn,D21-S,6,3,0,0.0,,16,11
trained,D,ssn,D21-S,8,3,0,0.0,,16,11
trained,D,ssn,D21-S,12,3,0,0.0,,16,11
trained,D,ssn,D21-S,16,3,1,0.3333333333333333,1337,16,11
trained,D,ssn,D21-S,20,3,2,0.6666666666666666,1337;2024,16,11
trained,D,ssn,D21-S,24,3,0,0.0,,16,11
trained,D,ssn,D21-S,32,3,3,1.0,42;1337;2024,16,11
trained,D,ssn,D21-S,48,3,3,1.0,42;1337;2024,16,11
trained,D,ssn,D21-S,64,3,2,0.6666666666666666,42;1337,16,11
trained,D,email,D24-E,0,3,0,0.0,,8,24
trained,D,email,D24-E,1,3,0,0.0,,8,24
trained,D,email,D24-E,2,3,0,0.0,,8,24
trained,D,email,D24-E,3,3,0,0.0,,8,24
trained,D,email,D24-E,4,3,0,0.0,,8,24
trained,D,email,D24-E,6,3,0,0.0,,8,24
trained,D,email,D24-E,8,3,3,1.0,42;1337;2024,8,24
trained,D,email,D24-E,12,3,3,1.0,42;1337;2024,8,24
trained,D,email,D24-E,16,3,3,1.0,42;1337;2024,8,24
trained,D,email,D24-E,20,3,3,1.0,42;1337;2024,8,24
trained,D,email,D24-E,24,3,3,1.0,42;1337;2024,8,24
trained,D,email,D24-E,32,3,3,1.0,42;1337;2024,8,24
trained,D,email,D24-E,48,3,3,1.0,42;1337;2024,8,24
trained,D,email,D24-E,64,3,3,1.0,42;1337;2024,8,24
trained,D,ssn,D24-S,0,3,0,0.0,,6,20
trained,D,ssn,D24-S,1,3,0,0.0,,6,20
trained,D,ssn,D24-S,2,3,0,0.0,,6,20
trained,D,ssn,D24-S,3,3,0,0.0,,6,20
trained,D,ssn,D24-S,4,3,0,0.0,,6,20
trained,D,ssn,D24-S,6,3,1,0.3333333333333333,1337,6,20
trained,D,ssn,D24-S,8,3,1,0.3333333333333333,42,6,20
trained,D,ssn,D24-S,12,3,1,0.3333333333333333,2024,6,20
trained,D,ssn,D24-S,16,3,2,0.6666666666666666,42;2024,6,20
trained,D,ssn,D24-S,20,3,3,1.0,42;1337;2024,6,20
trained,D,ssn,D24-S,24,3,3,1.0,42;1337;2024,6,20
trained,D,ssn,D24-S,32,3,3,1.0,42;1337;2024,6,20
trained,D,ssn,D24-S,48,3,3,1.0,42;1337;2024,6,20
trained,D,ssn,D24-S,64,3,3,1.0,42;1337;2024,6,20
trained,D,email,D23-E,0,3,0,0.0,,6,27
trained,D,email,D23-E,1,3,0,0.0,,6,27
trained,D,email,D23-E,2,3,0,0.0,,6,27
trained,D,email,D23-E,3,3,0,0.0,,6,27
trained,D,email,D23-E,4,3,0,0.0,,6,27
trained,D,email,D23-E,6,3,3,1.0,42;1337;2024,6,27
trained,D,email,D23-E,8,3,3,1.0,42;1337;2024,6,27
trained,D,email,D23-E,12,3,3,1.0,42;1337;2024,6,27
trained,D,email,D23-E,16,3,3,1.0,42;1337;2024,6,27
trained,D,email,D23-E,20,3,3,1.0,42;1337;2024,6,27
trained,D,email,D23-E,24,3,3,1.0,42;1337;2024,6,27
trained,D,email,D23-E,32,3,3,1.0,42;1337;2024,6,27
trained,D,email,D23-E,48,3,3,1.0,42;1337;2024,6,27
trained,D,email,D23-E,64,3,3,1.0,42;1337;2024,6,27
trained,D,ssn,D23-S,0,3,0,0.0,,12,14
trained,D,ssn,D23-S,1,3,0,0.0,,12,14
trained,D,ssn,D23-S,2,3,0,0.0,,12,14
trained,D,ssn,D23-S,3,3,0,0.0,,12,14
trained,D,ssn,D23-S,4,3,0,0.0,,12,14
trained,D,ssn,D23-S,6,3,0,0.0,,12,14
trained,D,ssn,D23-S,8,3,0,0.0,,12,14
trained,D,ssn,D23-S,12,3,2,0.6666666666666666,42;1337,12,14
trained,D,ssn,D23-S,16,3,1,0.3333333333333333,42,12,14
trained,D,ssn,D23-S,20,3,2,0.6666666666666666,1337;2024,12,14
trained,D,ssn,D23-S,24,3,2,0.6666666666666666,42;1337,12,14
trained,D,ssn,D23-S,32,3,2,0.6666666666666666,42;2024,12,14
trained,D,ssn,D23-S,48,3,2,0.6666666666666666,42;2024,12,14
trained,D,ssn,D23-S,64,3,3,1.0,42;1337;2024,12,14
trained,D,email,D20-E,0,3,0,0.0,,6,25
trained,D,email,D20-E,1,3,0,0.0,,6,25
trained,D,email,D20-E,2,3,0,0.0,,6,25
trained,D,email,D20-E,3,3,0,0.0,,6,25
trained,D,email,D20-E,4,3,0,0.0,,6,25
trained,D,email,D20-E,6,3,1,0.3333333333333333,1337,6,25
trained,D,email,D20-E,8,3,3,1.0,42;1337;2024,6,25
trained,D,email,D20-E,12,3,3,1.0,42;1337;2024,6,25
trained,D,email,D20-E,16,3,3,1.0,42;1337;2024,6,25
trained,D,email,D20-E,20,3,3,1.0,42;1337;2024,6,25
trained,D,email,D20-E,24,3,3,1.0,42;1337;2024,6,25
trained,D,email,D20-E,32,3,3,1.0,42;1337;2024,6,25
trained,D,email,D20-E,48,3,3,1.0,42;1337;2024,6,25
trained,D,email,D20-E,64,3,3,1.0,42;1337;2024,6,25
trained,D,ssn,D20-S,0,3,0,0.0,,8,19
trained,D,ssn,D20-S,1,3,0,0.0,,8,19
trained,D,ssn,D20-S,2,3,0,0.0,,8,19
trained,D,ssn,D20-S,3,3,0,0.0,,8,19
trained,D,ssn,D20-S,4,3,0,0.0,,8,19
trained,D,ssn,D20-S,6,3,0,0.0,,8,19
trained,D,ssn,D20-S,8,3,1,0.3333333333333333,1337,8,19
trained,D,ssn,D20-S,12,3,2,0.6666666666666666,1337;2024,8,19
trained,D,ssn,D20-S,16,3,3,1.0,42;1337;2024,8,19
trained,D,ssn,D20-S,20,3,2,0.6666666666666666,1337;2024,8,19
trained,D,ssn,D20-S,24,3,2,0.6666666666666666,42;1337,8,19
trained,D,ssn,D20-S,32,3,3,1.0,42;1337;2024,8,19
trained,D,ssn,D20-S,48,3,3,1.0,42;1337;2024,8,19
trained,D,ssn,D20-S,64,3,3,1.0,42;1337;2024,8,19
trained,D,email,D12-E,0,3,0,0.0,,8,24
trained,D,email,D12-E,1,3,0,0.0,,8,24
trained,D,email,D12-E,2,3,0,0.0,,8,24
trained,D,email,D12-E,3,3,0,0.0,,8,24
trained,D,email,D12-E,4,3,0,0.0,,8,24
trained,D,email,D12-E,6,3,0,0.0,,8,24
trained,D,email,D12-E,8,3,3,1.0,42;1337;2024,8,24
trained,D,email,D12-E,12,3,3,1.0,42;1337;2024,8,24
trained,D,email,D12-E,16,3,3,1.0,42;1337;2024,8,24
trained,D,email,D12-E,20,3,3,1.0,42;1337;2024,8,24
trained,D,email,D12-E,24,3,3,1.0,42;1337;2024,8,24
trained,D,email,D12-E,32,3,3,1.0,42;1337;2024,8,24
trained,D,email,D12-E,48,3,3,1.0,42;1337;2024,8,24
trained,D,email,D12-E,64,3,3,1.0,42;1337;2024,8,24
trained,D,ssn,D12-S,0,3,0,0.0,,16,12
trained,D,ssn,D12-S,1,3,0,0.0,,16,12
trained,D,ssn,D12-S,2,3,0,0.0,,16,12
trained,D,ssn,D12-S,3,3,0,0.0,,16,12
trained,D,ssn,D12-S,4,3,0,0.0,,16,12
trained,D,ssn,D12-S,6,3,0,0.0,,16,12
trained,D,ssn,D12-S,8,3,0,0.0,,16,12
trained,D,ssn,D12-S,12,3,0,0.0,,16,12
trained,D,ssn,D12-S,16,3,1,0.3333333333333333,1337,16,12
trained,D,ssn,D12-S,20,3,3,1.0,42;1337;2024,16,12
trained,D,ssn,D12-S,24,3,1,0.3333333333333333,42,16,12
trained,D,ssn,D12-S,32,3,2,0.6666666666666666,42;2024,16,12
trained,D,ssn,D12-S,48,3,2,0.6666666666666666,1337;2024,16,12
trained,D,ssn,D12-S,64,3,3,1.0,42;1337;2024,16,12
trained,D,email,D09-E,0,3,0,0.0,,4,28
trained,D,email,D09-E,1,3,0,0.0,,4,28
trained,D,email,D09-E,2,3,0,0.0,,4,28
trained,D,email,D09-E,3,3,0,0.0,,4,28
trained,D,email,D09-E,4,3,1,0.3333333333333333,1337,4,28
trained,D,email,D09-E,6,3,3,1.0,42;1337;2024,4,28
trained,D,email,D09-E,8,3,3,1.0,42;1337;2024,4,28
trained,D,email,D09-E,12,3,3,1.0,42;1337;2024,4,28
trained,D,email,D09-E,16,3,3,1.0,42;1337;2024,4,28
trained,D,email,D09-E,20,3,3,1.0,42;1337;2024,4,28
trained,D,email,D09-E,24,3,3,1.0,42;1337;2024,4,28
trained,D,email,D09-E,32,3,3,1.0,42;1337;2024,4,28
trained,D,email,D09-E,48,3,3,1.0,42;1337;2024,4,28
trained,D,email,D09-E,64,3,3,1.0,42;1337;2024,4,28
trained,D,ssn,D09-S,0,3,0,0.0,,12,13
trained,D,ssn,D09-S,1,3,0,0.0,,12,13
trained,D,ssn,D09-S,2,3,0,0.0,,12,13
trained,D,ssn,D09-S,3,3,0,0.0,,12,13
trained,D,ssn,D09-S,4,3,0,0.0,,12,13
trained,D,ssn,D09-S,6,3,0,0.0,,12,13
trained,D,ssn,D09-S,8,3,0,0.0,,12,13
trained,D,ssn,D09-S,12,3,1,0.3333333333333333,42,12,13
trained,D,ssn,D09-S,16,3,0,0.0,,12,13
trained,D,ssn,D09-S,20,3,2,0.6666666666666666,42;1337,12,13
trained,D,ssn,D09-S,24,3,3,1.0,42;1337;2024,12,13
trained,D,ssn,D09-S,32,3,2,0.6666666666666666,42;1337,12,13
trained,D,ssn,D09-S,48,3,3,1.0,42;1337;2024,12,13
trained,D,ssn,D09-S,64,3,2,0.6666666666666666,42;1337,12,13
trained,D,email,D05-E,0,3,0,0.0,,4,27
trained,D,email,D05-E,1,3,0,0.0,,4,27
trained,D,email,D05-E,2,3,0,0.0,,4,27
trained,D,email,D05-E,3,3,0,0.0,,4,27
trained,D,email,D05-E,4,3,1,0.3333333333333333,2024,4,27
trained,D,email,D05-E,6,3,2,0.6666666666666666,42;2024,4,27
trained,D,email,D05-E,8,3,3,1.0,42;1337;2024,4,27
trained,D,email,D05-E,12,3,3,1.0,42;1337;2024,4,27
trained,D,email,D05-E,16,3,3,1.0,42;1337;2024,4,27
trained,D,email,D05-E,20,3,3,1.0,42;1337;2024,4,27
trained,D,email,D05-E,24,3,3,1.0,42;1337;2024,4,27
trained,D,email,D05-E,32,3,3,1.0,42;1337;2024,4,27
trained,D,email,D05-E,48,3,3,1.0,42;1337;2024,4,27
trained,D,email,D05-E,64,3,3,1.0,42;1337;2024,4,27
trained,D,ssn,D05-S,0,3,0,0.0,,12,10
trained,D,ssn,D05-S,1,3,0,0.0,,12,10
trained,D,ssn,D05-S,2,3,0,0.0,,12,10
trained,D,ssn,D05-S,3,3,0,0.0,,12,10
trained,D,ssn,D05-S,4,3,0,0.0,,12,10
trained,D,ssn,D05-S,6,3,0,0.0,,12,10
trained,D,ssn,D05-S,8,3,0,0.0,,12,10
trained,D,ssn,D05-S,12,3,1,0.3333333333333333,1337,12,10
trained,D,ssn,D05-S,16,3,1,0.3333333333333333,42,12,10
trained,D,ssn,D05-S,20,3,1,0.3333333333333333,2024,12,10
trained,D,ssn,D05-S,24,3,1,0.3333333333333333,42,12,10
trained,D,ssn,D05-S,32,3,2,0.6666666666666666,42;1337,12,10
trained,D,ssn,D05-S,48,3,2,0.6666666666666666,1337;2024,12,10
trained,D,ssn,D05-S,64,3,2,0.6666666666666666,42;1337,12,10
trained,D,email,D04-E,0,3,0,0.0,,6,24
trained,D,email,D04-E,1,3,0,0.0,,6,24
trained,D,email,D04-E,2,3,0,0.0,,6,24
trained,D,email,D04-E,3,3,0,0.0,,6,24
trained,D,email,D04-E,4,3,0,0.0,,6,24
trained,D,email,D04-E,6,3,1,0.3333333333333333,42,6,24
trained,D,email,D04-E,8,3,2,0.6666666666666666,42;1337,6,24
trained,D,email,D04-E,12,3,3,1.0,42;1337;2024,6,24
trained,D,email,D04-E,16,3,3,1.0,42;1337;2024,6,24
trained,D,email,D04-E,20,3,3,1.0,42;1337;2024,6,24
trained,D,email,D04-E,24,3,3,1.0,42;1337;2024,6,24
trained,D,email,D04-E,32,3,3,1.0,42;1337;2024,6,24
trained,D,email,D04-E,48,3,3,1.0,42;1337;2024,6,24
trained,D,email,D04-E,64,3,3,1.0,42;1337;2024,6,24
trained,D,ssn,D04-S,0,3,0,0.0,,20,5
trained,D,ssn,D04-S,1,3,0,0.0,,20,5
trained,D,ssn,D04-S,2,3,0,0.0,,20,5
trained,D,ssn,D04-S,3,3,0,0.0,,20,5
trained,D,ssn,D04-S,4,3,0,0.0,,20,5
trained,D,ssn,D04-S,6,3,0,0.0,,20,5
trained,D,ssn,D04-S,8,3,0,0.0,,20,5
trained,D,ssn,D04-S,12,3,0,0.0,,20,5
trained,D,ssn,D04-S,16,3,0,0.0,,20,5
trained,D,ssn,D04-S,20,3,1,0.3333333333333333,42,20,5
trained,D,ssn,D04-S,24,3,1,0.3333333333333333,1337,20,5
trained,D,ssn,D04-S,32,3,1,0.3333333333333333,2024,20,5
trained,D,ssn,D04-S,48,3,1,0.3333333333333333,1337,20,5
trained,D,ssn,D04-S,64,3,1,0.3333333333333333,2024,20,5
trained,D,email,D01-E,0,3,0,0.0,,8,23
trained,D,email,D01-E,1,3,0,0.0,,8,23
trained,D,email,D01-E,2,3,0,0.0,,8,23
trained,D,email,D01-E,3,3,0,0.0,,8,23
trained,D,email,D01-E,4,3,0,0.0,,8,23
trained,D,email,D01-E,6,3,0,0.0,,8,23
trained,D,email,D01-E,8,3,2,0.6666666666666666,1337;2024,8,23
trained,D,email,D01-E,12,3,3,1.0,42;1337;2024,8,23
trained,D,email,D01-E,16,3,3,1.0,42;1337;2024,8,23
trained,D,email,D01-E,20,3,3,1.0,42;1337;2024,8,23
trained,D,email,D01-E,24,3,3,1.0,42;1337;2024,8,23
trained,D,email,D01-E,32,3,3,1.0,42;1337;2024,8,23
trained,D,email,D01-E,48,3,3,1.0,42;1337;2024,8,23
trained,D,email,D01-E,64,3,3,1.0,42;1337;2024,8,23
trained,D,ssn,D01-S,0,3,0,0.0,,12,16
trained,D,ssn,D01-S,1,3,0,0.0,,12,16
trained,D,ssn,D01-S,2,3,0,0.0,,12,16
trained,D,ssn,D01-S,3,3,0,0.0,,12,16
trained,D,ssn,D01-S,4,3,0,0.0,,12,16
trained,D,ssn,D01-S,6,3,0,0.0,,12,16
trained,D,ssn,D01-S,8,3,0,0.0,,12,16
trained,D,ssn,D01-S,12,3,1,0.3333333333333333,2024,12,16
trained,D,ssn,D01-S,16,3,3,1.0,42;1337;2024,12,16
trained,D,ssn,D01-S,20,3,2,0.6666666666666666,1337;2024,12,16
trained,D,ssn,D01-S,24,3,2,0.6666666666666666,42;1337,12,16
trained,D,ssn,D01-S,32,3,3,1.0,42;1337;2024,12,16
trained,D,ssn,D01-S,48,3,3,1.0,42;1337;2024,12,16
trained,D,ssn,D01-S,64,3,2,0.6666666666666666,1337;2024,12,16
trained,D,email,D18-E,0,3,0,0.0,,6,26
trained,D,email,D18-E,1,3,0,0.0,,6,26
trained,D,email,D18-E,2,3,0,0.0,,6,26
trained,D,email,D18-E,3,3,0,0.0,,6,26
trained,D,email,D18-E,4,3,0,0.0,,6,26
trained,D,email,D18-E,6,3,2,0.6666666666666666,1337;2024,6,26
trained,D,email,D18-E,8,3,3,1.0,42;1337;2024,6,26
trained,D,email,D18-E,12,3,3,1.0,42;1337;2024,6,26
trained,D,email,D18-E,16,3,3,1.0,42;1337;2024,6,26
trained,D,email,D18-E,20,3,3,1.0,42;1337;2024,6,26
trained,D,email,D18-E,24,3,3,1.0,42;1337;2024,6,26
trained,D,email,D18-E,32,3,3,1.0,42;1337;2024,6,26
trained,D,email,D18-E,48,3,3,1.0,42;1337;2024,6,26
trained,D,email,D18-E,64,3,3,1.0,42;1337;2024,6,26
trained,D,ssn,D18-S,0,3,0,0.0,,8,14
trained,D,ssn,D18-S,1,3,0,0.0,,8,14
trained,D,ssn,D18-S,2,3,0,0.0,,8,14
trained,D,ssn,D18-S,3,3,0,0.0,,8,14
trained,D,ssn,D18-S,4,3,0,0.0,,8,14
trained,D,ssn,D18-S,6,3,0,0.0,,8,14
trained,D,ssn,D18-S,8,3,1,0.3333333333333333,1337,8,14
trained,D,ssn,D18-S,12,3,2,0.6666666666666666,42;2024,8,14
trained,D,ssn,D18-S,16,3,1,0.3333333333333333,1337,8,14
trained,D,ssn,D18-S,20,3,0,0.0,,8,14
trained,D,ssn,D18-S,24,3,2,0.6666666666666666,1337;2024,8,14
trained,D,ssn,D18-S,32,3,3,1.0,42;1337;2024,8,14
trained,D,ssn,D18-S,48,3,3,1.0,42;1337;2024,8,14
trained,D,ssn,D18-S,64,3,2,0.6666666666666666,1337;2024,8,14
trained,D,email,D10-E,0,3,0,0.0,,6,25
trained,D,email,D10-E,1,3,0,0.0,,6,25
trained,D,email,D10-E,2,3,0,0.0,,6,25
trained,D,email,D10-E,3,3,0,0.0,,6,25
trained,D,email,D10-E,4,3,0,0.0,,6,25
trained,D,email,D10-E,6,3,1,0.3333333333333333,2024,6,25
trained,D,email,D10-E,8,3,3,1.0,42;1337;2024,6,25
trained,D,email,D10-E,12,3,3,1.0,42;1337;2024,6,25
trained,D,email,D10-E,16,3,3,1.0,42;1337;2024,6,25
trained,D,email,D10-E,20,3,3,1.0,42;1337;2024,6,25
trained,D,email,D10-E,24,3,3,1.0,42;1337;2024,6,25
trained,D,email,D10-E,32,3,3,1.0,42;1337;2024,6,25
trained,D,email,D10-E,48,3,3,1.0,42;1337;2024,6,25
trained,D,email,D10-E,64,3,3,1.0,42;1337;2024,6,25
trained,D,ssn,D10-S,0,3,0,0.0,,12,20
trained,D,ssn,D10-S,1,3,0,0.0,,12,20
trained,D,ssn,D10-S,2,3,0,0.0,,12,20
trained,D,ssn,D10-S,3,3,0,0.0,,12,20
trained,D,ssn,D10-S,4,3,0,0.0,,12,20
trained,D,ssn,D10-S,6,3,0,0.0,,12,20
trained,D,ssn,D10-S,8,3,0,0.0,,12,20
trained,D,ssn,D10-S,12,3,3,1.0,42;1337;2024,12,20
trained,D,ssn,D10-S,16,3,3,1.0,42;1337;2024,12,20
trained,D,ssn,D10-S,20,3,2,0.6666666666666666,42;1337,12,20
trained,D,ssn,D10-S,24,3,3,1.0,42;1337;2024,12,20
trained,D,ssn,D10-S,32,3,3,1.0,42;1337;2024,12,20
trained,D,ssn,D10-S,48,3,3,1.0,42;1337;2024,12,20
trained,D,ssn,D10-S,64,3,3,1.0,42;1337;2024,12,20
trained,D,email,D15-E,0,3,0,0.0,,4,30
trained,D,email,D15-E,1,3,0,0.0,,4,30
trained,D,email,D15-E,2,3,0,0.0,,4,30
trained,D,email,D15-E,3,3,0,0.0,,4,30
trained,D,email,D15-E,4,3,3,1.0,42;1337;2024,4,30
trained,D,email,D15-E,6,3,3,1.0,42;1337;2024,4,30
trained,D,email,D15-E,8,3,3,1.0,42;1337;2024,4,30
trained,D,email,D15-E,12,3,3,1.0,42;1337;2024,4,30
trained,D,email,D15-E,16,3,3,1.0,42;1337;2024,4,30
trained,D,email,D15-E,20,3,3,1.0,42;1337;2024,4,30
trained,D,email,D15-E,24,3,3,1.0,42;1337;2024,4,30
trained,D,email,D15-E,32,3,3,1.0,42;1337;2024,4,30
trained,D,email,D15-E,48,3,3,1.0,42;1337;2024,4,30
trained,D,email,D15-E,64,3,3,1.0,42;1337;2024,4,30
trained,D,ssn,D15-S,0,3,0,0.0,,8,15
trained,D,ssn,D15-S,1,3,0,0.0,,8,15
trained,D,ssn,D15-S,2,3,0,0.0,,8,15
trained,D,ssn,D15-S,3,3,0,0.0,,8,15
trained,D,ssn,D15-S,4,3,0,0.0,,8,15
trained,D,ssn,D15-S,6,3,0,0.0,,8,15
trained,D,ssn,D15-S,8,3,1,0.3333333333333333,42,8,15
trained,D,ssn,D15-S,12,3,0,0.0,,8,15
trained,D,ssn,D15-S,16,3,1,0.3333333333333333,42,8,15
trained,D,ssn,D15-S,20,3,2,0.6666666666666666,42;1337,8,15
trained,D,ssn,D15-S,24,3,2,0.6666666666666666,42;1337,8,15
trained,D,ssn,D15-S,32,3,3,1.0,42;1337;2024,8,15
trained,D,ssn,D15-S,48,3,3,1.0,42;1337;2024,8,15
trained,D,ssn,D15-S,64,3,3,1.0,42;1337;2024,8,15
trained,D,email,D14-E,0,3,0,0.0,,6,26
trained,D,email,D14-E,1,3,0,0.0,,6,26
trained,D,email,D14-E,2,3,0,0.0,,6,26
trained,D,email,D14-E,3,3,0,0.0,,6,26
trained,D,email,D14-E,4,3,0,0.0,,6,26
trained,D,email,D14-E,6,3,2,0.6666666666666666,42;1337,6,26
trained,D,email,D14-E,8,3,3,1.0,42;1337;2024,6,26
trained,D,email,D14-E,12,3,3,1.0,42;1337;2024,6,26
trained,D,email,D14-E,16,3,3,1.0,42;1337;2024,6,26
trained,D,email,D14-E,20,3,3,1.0,42;1337;2024,6,26
trained,D,email,D14-E,24,3,3,1.0,42;1337;2024,6,26
trained,D,email,D14-E,32,3,3,1.0,42;1337;2024,6,26
trained,D,email,D14-E,48,3,3,1.0,42;1337;2024,6,26
trained,D,email,D14-E,64,3,3,1.0,42;1337;2024,6,26
trained,D,ssn,D14-S,0,3,0,0.0,,12,13
trained,D,ssn,D14-S,1,3,0,0.0,,12,13
trained,D,ssn,D14-S,2,3,0,0.0,,12,13
trained,D,ssn,D14-S,3,3,0,0.0,,12,13
trained,D,ssn,D14-S,4,3,0,0.0,,12,13
trained,D,ssn,D14-S,6,3,0,0.0,,12,13
trained,D,ssn,D14-S,8,3,0,0.0,,12,13
trained,D,ssn,D14-S,12,3,1,0.3333333333333333,42,12,13
trained,D,ssn,D14-S,16,3,2,0.6666666666666666,1337;2024,12,13
trained,D,ssn,D14-S,20,3,3,1.0,42;1337;2024,12,13
trained,D,ssn,D14-S,24,3,1,0.3333333333333333,2024,12,13
trained,D,ssn,D14-S,32,3,2,0.6666666666666666,42;2024,12,13
trained,D,ssn,D14-S,48,3,3,1.0,42;1337;2024,12,13
trained,D,ssn,D14-S,64,3,1,0.3333333333333333,2024,12,13
trained,D,email,D13-E,0,3,0,0.0,,8,22
trained,D,email,D13-E,1,3,0,0.0,,8,22
trained,D,email,D13-E,2,3,0,0.0,,8,22
trained,D,email,D13-E,3,3,0,0.0,,8,22
trained,D,email,D13-E,4,3,0,0.0,,8,22
trained,D,email,D13-E,6,3,0,0.0,,8,22
trained,D,email,D13-E,8,3,1,0.3333333333333333,2024,8,22
trained,D,email,D13-E,12,3,3,1.0,42;1337;2024,8,22
trained,D,email,D13-E,16,3,3,1.0,42;1337;2024,8,22
trained,D,email,D13-E,20,3,3,1.0,42;1337;2024,8,22
trained,D,email,D13-E,24,3,3,1.0,42;1337;2024,8,22
trained,D,email,D13-E,32,3,3,1.0,42;1337;2024,8,22
trained,D,email,D13-E,48,3,3,1.0,42;1337;2024,8,22
trained,D,email,D13-E,64,3,3,1.0,42;1337;2024,8,22
trained,D,ssn,D13-S,0,3,0,0.0,,12,16
trained,D,ssn,D13-S,1,3,0,0.0,,12,16
trained,D,ssn,D13-S,2,3,0,0.0,,12,16
trained,D,ssn,D13-S,3,3,0,0.0,,12,16
trained,D,ssn,D13-S,4,3,0,0.0,,12,16
trained,D,ssn,D13-S,6,3,0,0.0,,12,16
trained,D,ssn,D13-S,8,3,0,0.0,,12,16
trained,D,ssn,D13-S,12,3,1,0.3333333333333333,1337,12,16
trained,D,ssn,D13-S,16,3,2,0.6666666666666666,42;1337,12,16
trained,D,ssn,D13-S,20,3,3,1.0,42;1337;2024,12,16
trained,D,ssn,D13-S,24,3,2,0.6666666666666666,42;2024,12,16
trained,D,ssn,D13-S,32,3,3,1.0,42;1337;2024,12,16
trained,D,ssn,D13-S,48,3,3,1.0,42;1337;2024,12,16
trained,D,ssn,D13-S,64,3,2,0.6666666666666666,1337;2024,12,16
trained,D,email,D19-E,0,3,0,0.0,,6,27
trained,D,email,D19-E,1,3,0,0.0,,6,27
trained,D,email,D19-E,2,3,0,0.0,,6,27
trained,D,email,D19-E,3,3,0,0.0,,6,27
trained,D,email,D19-E,4,3,0,0.0,,6,27
trained,D,email,D19-E,6,3,3,1.0,42;1337;2024,6,27
trained,D,email,D19-E,8,3,3,1.0,42;1337;2024,6,27
trained,D,email,D19-E,12,3,3,1.0,42;1337;2024,6,27
trained,D,email,D19-E,16,3,3,1.0,42;1337;2024,6,27
trained,D,email,D19-E,20,3,3,1.0,42;1337;2024,6,27
trained,D,email,D19-E,24,3,3,1.0,42;1337;2024,6,27
trained,D,email,D19-E,32,3,3,1.0,42;1337;2024,6,27
trained,D,email,D19-E,48,3,3,1.0,42;1337;2024,6,27
trained,D,email,D19-E,64,3,3,1.0,42;1337;2024,6,27
trained,D,ssn,D19-S,0,3,0,0.0,,12,15
trained,D,ssn,D19-S,1,3,0,0.0,,12,15
trained,D,ssn,D19-S,2,3,0,0.0,,12,15
trained,D,ssn,D19-S,3,3,0,0.0,,12,15
trained,D,ssn,D19-S,4,3,0,0.0,,12,15
trained,D,ssn,D19-S,6,3,0,0.0,,12,15
trained,D,ssn,D19-S,8,3,0,0.0,,12,15
trained,D,ssn,D19-S,12,3,1,0.3333333333333333,2024,12,15
trained,D,ssn,D19-S,16,3,1,0.3333333333333333,1337,12,15
trained,D,ssn,D19-S,20,3,2,0.6666666666666666,42;1337,12,15
trained,D,ssn,D19-S,24,3,2,0.6666666666666666,42;2024,12,15
trained,D,ssn,D19-S,32,3,3,1.0,42;1337;2024,12,15
trained,D,ssn,D19-S,48,3,3,1.0,42;1337;2024,12,15
trained,D,ssn,D19-S,64,3,3,1.0,42;1337;2024,12,15
trained,D,email,D16-E,0,3,0,0.0,,6,25
trained,D,email,D16-E,1,3,0,0.0,,6,25
trained,D,email,D16-E,2,3,0,0.0,,6,25
trained,D,email,D16-E,3,3,0,0.0,,6,25
trained,D,email,D16-E,4,3,0,0.0,,6,25
trained,D,email,D16-E,6,3,1,0.3333333333333333,1337,6,25
trained,D,email,D16-E,8,3,3,1.0,42;1337;2024,6,25
trained,D,email,D16-E,12,3,3,1.0,42;1337;2024,6,25
trained,D,email,D16-E,16,3,3,1.0,42;1337;2024,6,25
trained,D,email,D16-E,20,3,3,1.0,42;1337;2024,6,25
trained,D,email,D16-E,24,3,3,1.0,42;1337;2024,6,25
trained,D,email,D16-E,32,3,3,1.0,42;1337;2024,6,25
trained,D,email,D16-E,48,3,3,1.0,42;1337;2024,6,25
trained,D,email,D16-E,64,3,3,1.0,42;1337;2024,6,25
trained,D,ssn,D16-S,0,3,0,0.0,,8,12
trained,D,ssn,D16-S,1,3,0,0.0,,8,12
trained,D,ssn,D16-S,2,3,0,0.0,,8,12
trained,D,ssn,D16-S,3,3,0,0.0,,8,12
trained,D,ssn,D16-S,4,3,0,0.0,,8,12
trained,D,ssn,D16-S,6,3,0,0.0,,8,12
trained,D,ssn,D16-S,8,3,1,0.3333333333333333,1337,8,12
trained,D,ssn,D16-S,12,3,0,0.0,,8,12
trained,D,ssn,D16-S,16,3,2,0.6666666666666666,42;1337,8,12
trained,D,ssn,D16-S,20,3,1,0.3333333333333333,2024,8,12
trained,D,ssn,D16-S,24,3,1,0.3333333333333333,2024,8,12
trained,D,ssn,D16-S,32,3,2,0.6666666666666666,42;1337,8,12
trained,D,ssn,D16-S,48,3,2,0.6666666666666666,1337;2024,8,12
trained,D,ssn,D16-S,64,3,3,1.0,42;1337;2024,8,12
trained,D,email,D08-E,0,3,0,0.0,,8,23
trained,D,email,D08-E,1,3,0,0.0,,8,23
trained,D,email,D08-E,2,3,0,0.0,,8,23
trained,D,email,D08-E,3,3,0,0.0,,8,23
trained,D,email,D08-E,4,3,0,0.0,,8,23
trained,D,email,D08-E,6,3,0,0.0,,8,23
trained,D,email,D08-E,8,3,2,0.6666666666666666,42;1337,8,23
trained,D,email,D08-E,12,3,3,1.0,42;1337;2024,8,23
trained,D,email,D08-E,16,3,3,1.0,42;1337;2024,8,23
trained,D,email,D08-E,20,3,3,1.0,42;1337;2024,8,23
trained,D,email,D08-E,24,3,3,1.0,42;1337;2024,8,23
trained,D,email,D08-E,32,3,3,1.0,42;1337;2024,8,23
trained,D,email,D08-E,48,3,3,1.0,42;1337;2024,8,23
trained,D,email,D08-E,64,3,3,1.0,42;1337;2024,8,23
trained,D,ssn,D08-S,0,3,0,0.0,,8,19
trained,D,ssn,D08-S,1,3,0,0.0,,8,19
trained,D,ssn,D08-S,2,3,0,0.0,,8,19
trained,D,ssn,D08-S,3,3,0,0.0,,8,19
trained,D,ssn,D08-S,4,3,0,0.0,,8,19
trained,D,ssn,D08-S,6,3,0,0.0,,8,19
trained,D,ssn,D08-S,8,3,1,0.3333333333333333,1337,8,19
trained,D,ssn,D08-S,12,3,1,0.3333333333333333,2024,8,19
trained,D,ssn,D08-S,16,3,2,0.6666666666666666,42;1337,8,19
trained,D,ssn,D08-S,20,3,3,1.0,42;1337;2024,8,19
trained,D,ssn,D08-S,24,3,3,1.0,42;1337;2024,8,19
trained,D,ssn,D08-S,32,3,3,1.0,42;1337;2024,8,19
trained,D,ssn,D08-S,48,3,3,1.0,42;1337;2024,8,19
trained,D,ssn,D08-S,64,3,3,1.0,42;1337;2024,8,19
trained,D,email,D11-E,0,3,0,0.0,,8,23
trained,D,email,D11-E,1,3,0,0.0,,8,23
trained,D,email,D11-E,2,3,0,0.0,,8,23
trained,D,email,D11-E,3,3,0,0.0,,8,23
trained,D,email,D11-E,4,3,0,0.0,,8,23
trained,D,email,D11-E,6,3,0,0.0,,8,23
trained,D,email,D11-E,8,3,2,0.6666666666666666,1337;2024,8,23
trained,D,email,D11-E,12,3,3,1.0,42;1337;2024,8,23
trained,D,email,D11-E,16,3,3,1.0,42;1337;2024,8,23
trained,D,email,D11-E,20,3,3,1.0,42;1337;2024,8,23
trained,D,email,D11-E,24,3,3,1.0,42;1337;2024,8,23
trained,D,email,D11-E,32,3,3,1.0,42;1337;2024,8,23
trained,D,email,D11-E,48,3,3,1.0,42;1337;2024,8,23
trained,D,email,D11-E,64,3,3,1.0,42;1337;2024,8,23
trained,D,ssn,D11-S,0,3,0,0.0,,20,6
trained,D,ssn,D11-S,1,3,0,0.0,,20,6
trained,D,ssn,D11-S,2,3,0,0.0,,20,6
trained,D,ssn,D11-S,3,3,0,0.0,,20,6
trained,D,ssn,D11-S,4,3,0,0.0,,20,6
trained,D,ssn,D11-S,6,3,0,0.0,,20,6
trained,D,ssn,D11-S,8,3,0,0.0,,20,6
trained,D,ssn,D11-S,12,3,0,0.0,,20,6
trained,D,ssn,D11-S,16,3,0,0.0,,20,6
trained,D,ssn,D11-S,20,3,1,0.3333333333333333,1337,20,6
trained,D,ssn,D11-S,24,3,0,0.0,,20,6
trained,D,ssn,D11-S,32,3,1,0.3333333333333333,42,20,6
trained,D,ssn,D11-S,48,3,2,0.6666666666666666,42;2024,20,6
trained,D,ssn,D11-S,64,3,2,0.6666666666666666,42;2024,20,6
