tid,1,2,3,4,6,8,12,16,20,24,32,48,64,H_bits,len_tokens,train_frequency,k_min,non_monotone
control|email|Bailey Gonzalez,0,0,0,0,2,2,3,3,3,3,3,3,3,73.2488784790039,9,0,6,False
control|email|Bobby Bowman,0,0,0,0,3,3,3,3,3,3,3,3,3,55.77231216430664,9,0,6,False
control|email|Brandi Martinez,0,0,0,1,2,3,3,3,3,3,3,3,3,61.93906784057617,8,0,4,False
control|email|Brittany Blair,0,0,0,0,1,3,3,3,3,3,3,3,3,58.13868713378906,9,0,6,False
control|email|Candace Reyes,0,0,0,0,0,0,2,3,3,3,3,3,3,70.34883880615234,9,0,12,False
control|email|Courtney Castro,0,0,0,0,2,2,3,3,3,3,3,3,3,60.462154388427734,8,0,6,False
control|email|Dominic Hodge,0,0,0,0,2,3,3,3,3,3,3,3,3,67.49141693115234,9,0,6,False
control|email|Donna Martin,0,0,0,0,0,2,3,3,3,3,3,3,3,67.26732635498047,9,0,8,False
control|email|Gabrielle Owens,0,0,0,0,1,3,3,3,3,3,3,3,3,74.01146697998047,10,0,6,False
control|email|Glen Foster,0,0,0,0,1,3,3,3,3,3,3,3,3,59.0126953125,8,0,6,False
control|email|Henry Mcconnell,0,0,0,0,1,3,3,3,3,3,3,3,3,65.04967498779297,9,0,6,False
control|email|Jacqueline Walters,0,0,0,0,3,3,3,3,3,3,3,3,3,58.88478469848633,10,0,6,False
control|email|Jeffrey Day,0,0,0,0,1,3,3,3,3,3,3,3,3,77.1939697265625,9,0,6,False
control|email|Jorge Garcia,0,0,0,1,3,3,3,3,3,3,3,3,3,55.291751861572266,9,0,4,False
control|email|Kevin Chan,0,0,0,0,2,3,3,3,3,3,3,3,3,75.4019775390625,12,0,6,False
control|email|Kimberly Davis,0,0,0,0,2,3,3,3,3,3,3,3,3,64.19644165039062,9,0,6,False
control|email|Mariah Patterson,0,0,0,0,3,3,3,3,3,3,3,3,3,65.006591796875,8,0,6,False
control|email|Melissa Price,0,0,0,0,2,2,3,3,3,3,3,3,3,76.30587005615234,10,0,6,False
control|email|Ray Perez,0,0,0,0,0,0,3,3,3,3,3,3,3,80.7545166015625,10,0,12,False
control|email|Renee Williams,0,0,0,0,0,2,3,3,3,3,3,3,3,73.8359146118164,9,0,8,False
control|email|Robert Williams,0,0,0,0,3,3,3,3,3,3,3,3,3,56.268043518066406,9,0,6,False
control|email|Sharon Blankenship,0,0,0,0,1,2,3,3,3,3,3,3,3,69.5932846069336,9,0,6,False
control|email|Sheena Williams,0,0,0,0,1,2,3,3,3,3,3,3,3,67.43203735351562,9,0,6,False
control|email|Stephen Kemp,0,0,0,0,3,3,3,3,3,3,3,3,3,64.47142791748047,10,0,6,False
control|email|Timothy Bruce,0,0,0,0,2,3,3,3,3,3,3,3,3,66.87584686279297,10,0,6,False
control|ssn|Bailey Gonzalez,0,0,0,0,0,0,1,2,2,3,2,3,2,71.05735778808594,9,0,12,False
control|ssn|Bobby Bowman,0,0,0,0,0,0,0,2,1,1,1,2,3,71.60482788085938,10,0,16,False
control|ssn|Brandi Martinez,0,0,0,0,0,1,2,2,3,3,3,3,3,73.35398864746094,9,0,8,False
control|ssn|Brittany Blair,0,0,0,0,0,0,0,3,2,2,3,3,3,75.62322235107422,10,0,16,False
control|ssn|Candace Reyes,0,0,0,0,0,1,0,2,2,2,3,2,3,73.05154418945312,9,0,8,True
control|ssn|Courtney Castro,0,0,0,0,0,0,2,2,3,2,3,2,3,69.49493408203125,9,0,12,False
control|ssn|Dominic Hodge,0,0,0,0,0,0,2,1,2,3,3,3,3,72.0813980102539,9,0,12,False
control|ssn|Donna Martin,0,0,0,0,0,0,2,1,2,3,2,3,2,76.04010009765625,10,0,12,False
control|ssn|Gabrielle Owens,0,0,0,0,0,0,0,1,1,3,3,3,3,72.90070343017578,10,0,16,False
control|ssn|Glen Foster,0,0,0,0,0,1,0,0,1,2,2,2,3,72.09271240234375,9,0,8,True
control|ssn|Henry Mcconnell,0,0,0,0,0,0,0,1,2,3,3,3,3,74.36557006835938,9,0,16,False
control|ssn|Jacqueline Walters,0,0,0,0,0,0,2,2,3,3,3,3,3,72.7672348022461,9,0,12,False
control|ssn|Jeffrey Day,0,0,0,0,0,1,0,1,1,0,2,3,3,66.78348541259766,9,0,8,True
control|ssn|Jorge Garcia,0,0,0,0,0,0,0,2,2,0,2,1,3,75.15950775146484,10,0,16,True
control|ssn|Kevin Chan,0,0,0,0,0,0,0,0,0,1,2,0,3,79.56075286865234,10,0,24,True
control|ssn|Kimberly Davis,0,0,0,0,0,0,1,2,3,3,2,2,3,74.87416076660156,9,0,12,False
control|ssn|Mariah Patterson,0,0,0,0,0,2,2,3,3,3,3,3,3,77.01941680908203,10,0,8,False
control|ssn|Melissa Price,0,0,0,0,0,0,3,1,1,2,3,3,3,72.69569396972656,9,0,12,False
control|ssn|Ray Perez,0,0,0,0,0,0,0,2,2,2,3,3,3,72.44355773925781,10,0,16,False
control|ssn|Renee Williams,0,0,0,0,0,0,1,2,3,2,3,3,3,69.3212661743164,8,0,12,False
control|ssn|Robert Williams,0,0,0,0,0,1,0,1,0,3,3,2,3,78.09163665771484,10,0,8,True
control|ssn|Sharon Blankenship,0,0,0,0,0,0,0,0,2,1,2,3,2,71.64109802246094,10,0,20,False
control|ssn|Sheena Williams,0,0,0,0,0,0,1,0,0,2,2,2,2,79.0307846069336,10,0,12,True
control|ssn|Stephen Kemp,0,0,0,0,0,2,2,3,3,3,3,3,2,74.07411193847656,9,0,8,False
control|ssn|Timothy Bruce,0,0,0,0,0,0,0,1,2,2,2,2,3,70.12203979492188,10,0,16,False
trained|email|Alexis Baker,0,0,0,0,0,1,3,3,3,3,3,3,3,80.15894317626953,10,5,8,False
trained|email|Allison Hill,0,0,0,0,0,2,3,3,3,3,3,3,3,83.10099029541016,10,1,8,False
trained|email|Antonio Norman,0,0,0,0,3,3,3,3,3,3,3,3,3,62.55542755126953,8,20,6,False
trained|email|Brandon Moore,0,0,0,0,0,1,3,3,3,3,3,3,3,93.85677337646484,10,20,8,False
trained|email|Courtney Hall,0,0,0,0,1,3,3,3,3,3,3,3,3,63.65266418457031,9,5,6,False
trained|email|Deanna Smith,0,0,0,0,0,3,3,3,3,3,3,3,3,85.50352478027344,9,20,8,False
trained|email|Donna Frye,0,0,0,1,3,3,3,3,3,3,3,3,3,59.79683303833008,9,5,4,False
trained|email|Emily Hayes,0,0,0,0,0,1,2,3,3,3,3,3,3,88.79307556152344,11,5,8,False
trained|email|Gina Mack,0,0,0,0,0,3,3,3,3,3,3,3,3,78.24922943115234,11,20,8,False
trained|email|Jason Newton,0,0,0,0,3,3,3,3,3,3,3,3,3,72.70268249511719,12,20,6,False
trained|email|Jason Powell,0,0,0,0,1,3,3,3,3,3,3,3,3,71.25579833984375,10,1,6,False
trained|email|Krystal Diaz,0,0,0,0,0,3,3,3,3,3,3,3,3,76.50662994384766,11,20,8,False
trained|email|Laura Diaz,0,0,0,1,3,3,3,3,3,3,3,3,3,70.87628173828125,11,20,4,False
trained|email|Laura Wilson,0,0,0,1,2,3,3,3,3,3,3,3,3,57.292625427246094,9,20,4,False
trained|email|Leonard Gray,0,0,0,0,1,2,3,3,3,3,3,3,3,61.671592712402344,10,5,6,False
trained|email|Michelle Fletcher,0,0,0,0,0,2,3,3,3,3,3,3,3,63.118595123291016,9,20,8,False
trained|email|Misty Garcia,0,0,0,0,2,3,3,3,3,3,3,3,3,57.15336227416992,8,20,6,False
trained|email|Monica Baker,0,0,0,0,1,3,3,3,3,3,3,3,3,73.90625762939453,11,20,6,False
trained|email|Ms. Jennifer Hill,0,0,0,3,3,3,3,3,3,3,3,3,3,56.34782791137695,9,20,4,False
trained|email|Paul Johnson,0,0,0,0,2,3,3,3,3,3,3,3,3,78.3939208984375,11,20,6,False
trained|email|Robert Chase,0,0,0,0,0,1,3,3,3,3,3,3,3,78.97562408447266,10,1,8,False
trained|email|Ryan Harvey,0,0,0,0,3,3,3,3,3,3,3,3,3,65.31535339355469,9,20,6,False
trained|email|Tricia Mullins DDS,0,0,0,0,1,3,3,3,3,3,3,3,3,62.86015319824219,10,20,6,False
trained|email|Virginia Spencer,0,0,0,0,0,2,3,3,3,3,3,3,3,71.41950988769531,10,5,8,False
trained|email|Willie Durham,0,0,0,0,0,2,3,3,3,3,3,3,3,66.2494888305664,8,5,8,False
trained|ssn|Alexis Baker,0,0,0,0,0,0,1,2,2,3,1,3,2,73.33283233642578,9,5,12,False
trained|ssn|Allison Hill,0,0,0,0,0,2,1,1,3,3,3,2,3,71.15333557128906,9,1,8,False
trained|ssn|Antonio Norman,0,0,0,0,0,2,3,2,3,3,3,3,3,72.436767578125,9,20,8,False
trained|ssn|Brandon Moore,0,0,0,0,0,0,0,0,0,0,0,0,1,74.7021255493164,10,20,64,False
trained|ssn|Courtney Hall,0,0,0,0,0,1,2,2,3,3,3,3,3,72.79356384277344,9,5,8,False
trained|ssn|Deanna Smith,0,0,0,0,0,0,1,1,1,3,3,3,3,71.17362213134766,9,20,12,False
trained|ssn|Donna Frye,0,0,0,0,0,0,0,1,1,2,2,2,3,72.38127899169922,10,5,16,False
trained|ssn|Emily Hayes,0,0,0,0,0,0,0,1,2,0,3,3,2,79.53348541259766,10,5,16,True
trained|ssn|Gina Mack,0,0,0,0,1,1,1,2,3,3,3,3,3,73.75379180908203,9,20,6,False
trained|ssn|Jason Newton,0,0,0,0,0,0,2,1,2,2,2,2,3,71.0537338256836,9,20,12,False
trained|ssn|Jason Powell,0,0,0,0,0,1,2,3,2,2,3,3,3,67.62132263183594,9,1,8,False
trained|ssn|Krystal Diaz,0,0,0,0,0,0,0,1,3,1,2,2,3,72.21485137939453,9,20,16,False
trained|ssn|Laura Diaz,0,0,0,0,0,0,1,0,2,3,2,3,2,74.5811996459961,9,20,12,True
trained|ssn|Laura Wilson,0,0,0,0,0,0,1,1,1,1,2,2,2,75.6661605834961,10,20,12,False
trained|ssn|Leonard Gray,0,0,0,0,0,0,0,0,1,1,1,1,1,79.86560821533203,10,5,20,False
trained|ssn|Michelle Fletcher,0,0,0,0,0,0,1,3,2,2,3,3,2,73.08893585205078,9,20,12,False
trained|ssn|Misty Garcia,0,0,0,0,0,1,2,1,0,2,3,3,2,73.58297729492188,9,20,8,True
trained|ssn|Monica Baker,0,0,0,0,0,0,3,3,2,3,3,3,3,73.87828826904297,9,20,12,False
trained|ssn|Ms. Jennifer Hill,0,0,0,0,0,1,0,1,2,2,3,3,3,73.64346313476562,10,20,8,True
trained|ssn|Paul Johnson,0,0,0,0,0,0,1,2,3,1,2,3,1,72.30915832519531,10,20,12,False
trained|ssn|Robert Chase,0,0,0,0,0,0,1,2,3,2,3,3,2,71.2191162109375,9,1,12,False
trained|ssn|Ryan Harvey,0,0,0,0,0,0,1,1,2,2,3,3,3,73.16681671142578,10,20,12,False
trained|ssn|Tricia Mullins DDS,0,0,0,0,0,1,0,2,1,1,2,2,3,78.94608306884766,10,20,8,True
trained|ssn|Virginia Spencer,0,0,0,0,0,1,1,2,3,3,3,3,3,74.65836334228516,9,5,8,False
trained|ssn|Willie Durham,0,0,0,0,0,0,0,0,1,0,1,2,2,74.43388366699219,10,5,20,True
