tid,1,2,3,4,6,8,12,16,20,24,32,48,64,H_bits,train_frequency
control|email|Bailey Gonzalez,32.77145075798035,28.700956106185913,20.852553606033325,13.919550776481628,6.542015075683594,5.334927141666412,3.9559041559696198,4.0652689933776855,2.5807900428771973,3.7839443385601044,4.08867734670639,3.272641271352768,4.805292338132858,73.2488784790039,0
control|email|Bobby Bowman,24.24716305732727,19.28239417076111,16.98795175552368,9.804547190666199,5.232236534357071,3.6717765033245087,4.8128595650196075,5.599228352308273,3.8733766078948975,5.064084202051163,3.5615314543247223,3.883312940597534,3.8121650218963623,55.77231216430664,0
control|email|Brandi Martinez,24.47540855407715,20.720414479573567,14.57412052154541,11.808379173278809,7.079035917917888,6.327170372009277,4.316525459289551,2.5494916439056396,3.9201053778330484,3.535905043284098,5.630458513895671,3.1733920574188232,4.069812377293904,61.93906784057617,0
control|email|Brittany Blair,21.413651704788208,16.56950032711029,13.813378930091858,11.489771246910095,6.55452024936676,4.153047502040863,3.2162547558546066,3.2174718976020813,2.7879904210567474,3.769583433866501,3.4377567172050476,2.7146203815937042,3.153811454772949,58.13868713378906,0
control|email|Candace Reyes,31.06008553504944,27.52389121055603,23.60840106010437,17.130764365196228,10.690298080444336,8.407102525234222,5.551558256149292,4.456983536481857,3.15862275660038,4.227853417396545,3.8714003562927246,4.752075344324112,3.217251777648926,70.34883880615234,0
control|email|Courtney Castro,26.253746032714844,23.749371846516926,15.702985127766928,9.66161823272705,5.132489363352458,4.3020710945129395,2.729660987854004,3.3385404348373413,2.8600563208262124,3.3880218664805093,3.2175025939941406,2.2575411001841226,3.6245904763539634,60.462154388427734,0
control|email|Dominic Hodge,29.099536657333374,24.842823028564453,18.795730590820312,11.645071864128113,6.430891513824463,5.251947194337845,3.2095186561346054,4.217067271471024,2.7465664744377136,3.0287332087755203,2.662693664431572,3.477566286921501,4.855262517929077,67.49141693115234,0
control|email|Donna Martin,24.575085639953613,19.12679171562195,16.026583313941956,10.48370736837387,6.4834765791893005,5.3879291117191315,3.426138684153557,2.8376936316490173,2.9680530577898026,4.9184160232543945,4.093227133154869,4.346865266561508,2.9120970368385315,67.26732635498047,0
control|email|Gabrielle Owens,26.405305862426758,22.10387388865153,16.1990483601888,14.58910584449768,8.329689701398214,6.35734498500824,4.243990381558736,4.556230405966441,4.5804621775945025,4.347358345985413,4.911264578501384,3.6188783744970956,4.443846593300502,74.01146697998047,0
control|email|Glen Foster,24.865619659423828,21.150150299072266,14.380924860636393,13.43502108256022,7.406048933664958,6.05850092569987,5.0276399453481035,3.690460125605265,2.4985139767328897,3.175861199696859,3.197755674521128,3.4518012603123984,3.4311745961507163,59.0126953125,0
control|email|Henry Mcconnell,26.325604677200317,21.578126192092896,17.92269265651703,11.501299560070038,7.981647312641144,3.5221294462680817,3.2789487540721893,4.00879767537117,2.98669096827507,4.697107762098312,4.874723374843597,3.666920453310013,6.236104041337967,65.04967498779297,0
control|email|Jacqueline Walters,24.51307773590088,19.443305333455402,17.369545300801594,13.492963711420694,4.741664528846741,4.132467706998189,3.70834747950236,1.925693303346634,2.927598704894384,3.639242251714071,2.3241516947746277,4.007255335648854,3.9475699265797934,58.88478469848633,0
control|email|Jeffrey Day,34.63722538948059,29.893404722213745,23.60071063041687,17.16133403778076,7.729574382305145,5.330982685089111,5.047964036464691,4.056926071643829,4.062684237957001,5.7762207090854645,2.3031646460294724,3.835775703191757,3.292726904153824,77.1939697265625,0
control|email|Jorge Garcia,20.82366442680359,17.400827407836914,13.249204516410828,9.408921360969543,5.180963605642319,4.972953289747238,3.3210032880306244,6.586477518081665,3.7815390676259995,5.258656471967697,5.540831297636032,3.293518513441086,3.1893986463546753,55.291751861572266,0
control|email|Kevin Chan,31.17279052734375,27.010781288146973,21.38267230987549,17.2289719581604,8.030176162719727,6.769758701324463,6.034699082374573,5.573175430297852,4.781127095222473,5.049821138381958,4.637268781661987,4.471201658248901,4.33618038892746,75.4019775390625,0
control|email|Kimberly Davis,22.44383668899536,19.46020209789276,15.377997279167175,11.381886720657349,5.166462868452072,4.472068548202515,4.086666315793991,2.46563883125782,3.165367975831032,2.672505095601082,3.8503770232200623,4.085372775793076,5.046127259731293,64.19644165039062,0
control|email|Mariah Patterson,28.621883392333984,23.183753967285156,19.12988217671712,11.353527386983236,5.443810939788818,3.2201944986979165,2.8643459479014077,3.3669047355651855,2.494393746058146,4.713424603144328,3.9985263347625732,2.25919779141744,3.158865213394165,65.006591796875,0
control|email|Melissa Price,31.92890167236328,26.923280556996662,23.63150993982951,17.911370992660522,10.333994626998901,6.0964130361874895,3.6650421222050986,3.0589830378691354,4.293836057186127,3.8917967677116394,3.962860107421875,4.037566085656484,2.942130366961161,76.30587005615234,0
control|email|Ray Perez,32.531800270080566,27.541929880777996,23.234412670135498,16.280574798583984,10.282519857088724,7.734585702419281,5.145357251167297,4.009166061878204,5.336799124876658,4.226775964101155,3.261661579211553,5.280059079329173,6.263495683670044,80.7545166015625,0
control|email|Renee Williams,32.47604298591614,28.85801339149475,22.021076917648315,19.190990209579468,9.032689154148102,5.791332542896271,3.9286798238754272,6.041156530380249,4.508470594882965,3.7961262613534927,4.123722553253174,8.8135866522789,2.324528083205223,73.8359146118164,0
control|email|Robert Williams,22.885545015335083,18.161701798439026,14.776771187782288,10.720201134681702,5.252101689577103,3.1842712461948395,3.9724649637937546,2.4545659124851227,3.136313572525978,3.8911163806915283,3.0219812840223312,2.7765341252088547,6.029531478881836,56.268043518066406,0
control|email|Sharon Blankenship,33.0541455745697,27.928975582122803,22.965976238250732,16.129428148269653,9.199779510498047,4.502859815955162,4.927626729011536,3.8397908806800842,4.357259541749954,3.0573504120111465,4.370138168334961,4.067553162574768,3.929500490427017,69.5932846069336,0
control|email|Sheena Williams,25.176608562469482,23.22249412536621,19.1853107213974,13.663398742675781,7.700062036514282,6.222665011882782,2.553751677274704,3.1567583084106445,2.732480764389038,2.874898910522461,4.232180178165436,3.4688578695058823,4.566039204597473,67.43203735351562,0
control|email|Stephen Kemp,28.866037527720135,24.147992928822834,17.24644939104716,10.988908410072327,7.325638433297475,5.233061909675598,2.9266516864299774,4.321611026922862,4.257405201594035,3.5731219748655954,3.2415479918320975,5.9584954380989075,3.3358056346575418,64.47142791748047,0
control|email|Timothy Bruce,28.340590000152588,23.9346448580424,20.394022067387898,14.435538450876871,8.469484647115072,6.0500868161519366,5.478249788284302,6.149270137151082,4.989651242891948,4.941882689793904,3.3929619193077087,5.713122387727101,4.173296441634496,66.87584686279297,0
control|ssn|Bailey Gonzalez,36.99579477310181,33.676743507385254,25.964837551116943,24.377765893936157,20.08868908882141,14.391671061515808,9.64611303806305,7.56956022977829,5.0961467027664185,5.586762607097626,4.463155210018158,4.698050290346146,3.9775089025497437,71.05735778808594,0
control|ssn|Bobby Bowman,37.26445913314819,30.479405721028645,26.11369450887044,23.992775281270344,20.497342348098755,18.896863063176472,14.870110750198364,9.951637387275696,4.2373961210250854,8.11426063378652,8.852496345837912,9.380383094151815,4.779822727044423,71.60482788085938,0
control|ssn|Brandi Martinez,37.37800884246826,33.280911684036255,29.06035566329956,25.672492504119873,18.032703638076782,13.033859252929688,8.178795218467712,8.62036818265915,5.054497227072716,3.714498817920685,4.562751621007919,4.481710106134415,4.058980822563171,73.35398864746094,0
control|ssn|Brittany Blair,38.59456777572632,34.62868054707845,28.958999315897625,25.373542308807373,22.385491530100506,19.331520398457844,13.580430944760641,7.403775056203206,4.220368713140488,5.662076373895009,4.561160504817963,4.332164923350017,4.136807223161061,75.62322235107422,0
control|ssn|Candace Reyes,36.96571111679077,31.686550855636597,26.237923622131348,22.798726558685303,18.575514793395996,13.791149139404297,13.362658381462097,7.587335228919983,4.478833884000778,5.923079609870911,2.8634739071130753,6.388517439365387,2.4590737223625183,73.05154418945312,0
control|ssn|Courtney Castro,33.383354902267456,28.350066661834717,22.73233652114868,20.906834363937378,14.553542017936707,13.263858318328857,4.845296993851662,4.965121418237686,4.158665031194687,5.59588497877121,2.491474449634552,5.494975715875626,3.340921640396118,69.49493408203125,0
control|ssn|Dominic Hodge,37.26336050033569,31.040056228637695,29.467482805252075,23.87149715423584,21.13853931427002,17.60117769241333,8.045314282178879,13.307456016540527,6.260045528411865,3.2430167198181152,4.1299572587013245,2.3619509786367416,3.523972660303116,72.0813980102539,0
control|ssn|Donna Martin,37.48547315597534,32.224392890930176,26.059335072835285,24.453070163726807,21.121285756429035,16.699262857437134,6.102761526902516,11.225569049517313,5.390564103921254,7.257218956947327,8.998961498339971,2.2534352789322534,4.746254086494446,76.04010009765625,0
control|ssn|Gabrielle Owens,34.67979590098063,28.84645938873291,23.06195894877116,20.669278701146443,19.31181788444519,16.337899764378864,11.172881921132406,8.699331680933634,6.64609173933665,3.414819339911143,4.285099804401398,3.271929994225502,5.0938547650973005,72.90070343017578,0
control|ssn|Glen Foster,35.32596158981323,28.36660408973694,24.474007844924927,22.211557388305664,18.689874172210693,11.631682634353638,10.13361918926239,11.57425081729889,7.0089870393276215,4.24981614947319,3.548557788133621,4.2180198803544044,2.4284122735261917,72.09271240234375,0
control|ssn|Henry Mcconnell,35.55392932891846,32.07654619216919,26.636001348495483,22.845836877822876,18.362285614013672,12.919832646846771,9.038453936576843,10.909258961677551,6.599714398384094,5.657412081956863,5.32358980178833,3.3248350918293,4.454808264970779,74.36557006835938,0
control|ssn|Jacqueline Walters,35.546278953552246,30.28290295600891,25.200247764587402,24.60686445236206,16.67773711681366,11.721876382827759,7.845955789089203,4.879831552505493,4.65614578127861,4.988289445638657,3.9118913412094116,3.5933930575847626,4.082194983959198,72.7672348022461,0
control|ssn|Jeffrey Day,34.45752811431885,28.631346702575684,24.016847848892212,22.31455707550049,15.763774394989014,15.25781536102295,15.91038465499878,7.763441562652588,7.99616239964962,13.053598880767822,6.270544499158859,3.385011523962021,2.0686337649822235,66.78348541259766,0
control|ssn|Jorge Garcia,37.5566029548645,31.769948800404865,28.07801405588786,24.058726628621418,22.528724670410156,16.891314188639324,16.275668541590374,8.220584392547607,8.215186397234598,11.610983411471048,4.89026851952076,8.440555880467096,1.8774613986412685,75.15950775146484,0
control|ssn|Kevin Chan,37.69825299580892,32.10155169169108,28.50563128789266,24.001182715098064,22.69628683725993,21.16479555765788,18.162489732106526,14.689192374547323,12.03728953997294,11.962229609489441,9.740322629610697,12.118141651153564,1.95297056188186,79.56075286865234,0
control|ssn|Kimberly Davis,35.79993939399719,31.248608350753784,25.846848964691162,24.624419689178467,17.89649534225464,14.271750211715698,11.464420795440674,5.683086186647415,4.442393660545349,2.2664267867803574,6.435710549354553,4.870927959680557,2.4103043228387833,74.87416076660156,0
control|ssn|Mariah Patterson,37.162842750549316,31.829479535420734,27.459901968638103,25.81133445103963,18.225996891657513,12.572939991950989,9.565429091453552,6.804305811723073,6.595220640301704,6.385971506436666,5.4390812913576765,3.467204471429189,7.250120441118876,77.01941680908203,0
control|ssn|Melissa Price,37.11771297454834,32.11724638938904,28.61799645423889,23.6044979095459,24.405234575271606,14.085282683372498,5.454805254936218,8.73467481136322,4.803028151392937,4.424690008163452,4.167228475213051,1.9490425139665604,2.708694577217102,72.69569396972656,0
control|ssn|Ray Perez,36.52477264404297,31.669312318166096,26.902692317962646,24.256988366444904,21.263257265090942,12.916845083236694,12.404284278551737,8.93633782863617,7.869416375954946,4.653618335723877,3.455642908811569,2.4867908656597137,4.761551171541214,72.44355773925781,0
control|ssn|Renee Williams,35.68679428100586,30.086654663085938,25.127922693888348,21.855051040649414,15.896440505981445,14.924121220906576,12.269928455352783,6.672017415364583,4.978147188822429,5.001887083053589,2.6054859161376953,3.0016555786132812,3.480180501937866,69.3212661743164,0
control|ssn|Robert Williams,38.0022931098938,35.48495133717855,27.700239022572834,25.958951314290363,24.461848735809326,18.969051837921143,11.801734964052836,10.380229353904724,12.857808073361715,5.997751553853353,6.442704200744629,7.776177724202474,8.110872705777487,78.09163665771484,0
control|ssn|Sharon Blankenship,35.29207150141398,30.853032271067303,24.196619987487793,21.98252598444621,20.220648845036823,15.376330216725668,14.187836249669393,15.092939933141073,8.130418260892233,7.856336037317912,7.698532144228618,2.9311098158359528,5.4798973600069685,71.64109802246094,0
control|ssn|Sheena Williams,36.529414653778076,30.79581419626872,25.09360392888387,24.012995560963947,20.798765818277996,19.57648714383443,12.976609269777933,15.633190472920736,13.0068572362264,8.294507960478464,4.830532371997833,5.33958117167155,6.305419504642487,79.0307846069336,0
control|ssn|Stephen Kemp,39.06175088882446,33.89384078979492,29.008360862731934,24.31337285041809,22.47405695915222,7.942559838294983,4.757200866937637,6.9662966430187225,6.154093086719513,3.249205604195595,4.681676119565964,6.870829939842224,8.919258132576942,74.07411193847656,0
control|ssn|Timothy Bruce,35.99091370900472,31.105062166849773,25.009528795878094,23.527331352233887,20.48803488413493,14.898324012756348,13.261877099672953,7.48685618241628,7.22439964612325,8.266212344169617,7.250937422116597,8.573733568191528,3.571007251739502,70.12203979492188,0
trained|email|Alexis Baker,34.816930294036865,29.652315775553387,25.366782347361248,21.725590229034424,11.577674150466919,6.9323694705963135,4.398299356301625,6.058445771535237,6.060921351114909,6.258684595425923,4.5854851603508,4.312755664189656,4.52325701713562,80.15894317626953,5
trained|email|Allison Hill,35.6481409072876,29.247822761535645,23.94332806269328,19.24530267715454,12.823688983917236,3.5296478867530823,2.9276886582374573,4.7808582584063215,4.8341599106788635,3.5645987590154014,3.7311457097530365,3.2058062156041465,3.383271793524424,83.10099029541016,1
trained|email|Antonio Norman,17.640581130981445,13.421665827433268,10.25442918141683,8.352190494537354,4.832987944285075,5.0799605051676435,4.105161984761556,4.136821826299031,4.197320620218913,2.6151111125946045,3.0900439421335855,3.0986713568369546,4.835697491963704,62.55542755126953,20
trained|email|Brandon Moore,34.107463359832764,28.11014731725057,24.913753668467205,19.021684328715008,9.292771220207214,5.55682231982549,4.214296738306682,3.567193498214086,4.177523801724116,3.730480124553045,5.621246894200643,4.831994473934174,5.395350555578868,93.85677337646484,20
trained|email|Courtney Hall,23.346054553985596,22.76832389831543,15.63230037689209,11.534096539020538,6.917569577693939,5.7753676772117615,5.665118873119354,4.6587511003017426,4.766648858785629,2.9566229581832886,4.358136802911758,5.333776473999023,2.849227800965309,63.65266418457031,5
trained|email|Deanna Smith,31.548582315444946,25.443995475769043,23.378100156784058,18.48831796646118,11.546846508979797,4.363359242677689,5.275566905736923,4.033268451690674,2.1506809294223785,3.38066965341568,3.072757512331009,5.227310031652451,3.3778867721557617,85.50352478027344,20
trained|email|Donna Frye,22.389671087265015,17.608607053756714,14.030548810958862,11.845641374588013,6.141799360513687,5.934538811445236,3.185164824128151,2.651846632361412,4.087258279323578,2.8164484798908234,4.023246690630913,3.8782027065753937,4.133432239294052,59.79683303833008,5
trained|email|Emily Hayes,39.57085657119751,34.745811780293785,29.02198561032613,25.19493095080058,17.041168729464214,8.518576542536417,7.364277770121892,6.324519713719686,5.5022163192431135,6.110547651847203,2.76277806609869,6.087987899780273,4.93425178527832,88.79307556152344,5
trained|email|Gina Mack,23.200337171554565,18.590649286905926,14.757250110308329,11.270808378855387,6.476540505886078,4.320531219244003,2.9698475152254105,3.5559347917636237,3.308989162246386,5.508284151554108,3.8793312509854636,2.4353216787179313,3.5765151331822076,78.24922943115234,20
trained|email|Jason Newton,20.22011375427246,16.040657997131348,12.959403038024902,7.320355176925659,4.160613536834717,3.3857253193855286,1.566922664642334,1.9364581108093262,4.052053064107895,2.2352393865585327,2.6233217120170593,2.8034093976020813,3.716721773147583,72.70268249511719,20
trained|email|Jason Powell,30.497441291809082,25.739856561024983,22.45005528132121,16.049203872680664,7.388442556063334,4.417397379875183,4.41521684328715,4.330516656239827,6.233900586764018,3.185353229443232,3.8025311628977456,5.243292550245921,2.7450271944204965,71.25579833984375,1
trained|email|Krystal Diaz,21.806596040725708,18.61738936106364,15.7881019115448,12.578795154889425,7.402912338574727,4.627235839764277,6.336236745119095,3.2057035168011985,3.189929644266764,5.60653751095136,4.781562338272731,2.909434457619985,4.521311908960342,76.50662994384766,20
trained|email|Laura Diaz,21.17812430858612,17.957083145777386,11.586793303489685,8.365604400634766,5.649018128712972,4.400568515062332,4.748582050204277,4.479345868031184,3.024964988231659,2.73914897441864,3.7950603614250817,3.6826631327470145,4.126117120186488,70.87628173828125,20
trained|email|Laura Wilson,21.80014729499817,17.281346797943115,13.796962022781372,11.516095876693726,5.484497129917145,4.395948797464371,2.960631027817726,4.725844770669937,4.243582516908646,3.121921554207802,4.286003082990646,4.194962292909622,3.8278229534626007,57.292625427246094,20
trained|email|Leonard Gray,24.223239421844482,19.964885711669922,15.925763050715128,12.6701553662618,7.851370970408122,5.159537096818288,5.128757158915202,4.359964032967885,3.98982971906662,5.2362461884816485,3.174115320046743,6.741469701131185,5.3981950879096985,61.671592712402344,5
trained|email|Michelle Fletcher,25.524757146835327,21.46704411506653,17.120223999023438,15.17810332775116,9.298616588115692,5.081679850816727,2.2860053926706314,3.790002018213272,3.1122691333293915,2.9740570932626724,2.091097265481949,2.5067235231399536,2.6902397722005844,63.118595123291016,20
trained|email|Misty Garcia,20.17064666748047,15.82013988494873,12.42816130320231,8.96808656056722,5.360825379689534,3.237371842066447,4.561586618423462,5.041122277577718,5.683655301729838,3.8520353635152182,3.7375481923421225,4.718253135681152,4.3335254192352295,57.15336227416992,20
trained|email|Monica Baker,27.54293990135193,22.740182876586914,17.861624280611675,12.34571490685145,6.716137051582336,4.506283183892568,2.608962101240953,4.0225769728422165,2.4600257923205695,5.221007565657298,4.432355463504791,4.448467433452606,5.590679277976354,73.90625762939453,20
trained|email|Ms. Jennifer Hill,16.400409936904907,12.210976839065552,9.289074718952179,6.4722980260849,4.465314209461212,3.3177954107522964,3.0852541252970695,2.442527264356613,3.743542268872261,4.488629043102264,2.92424925416708,3.6768941581249237,3.2135918140411377,56.34782791137695,20
trained|email|Paul Johnson,26.252662261327107,20.54996685187022,17.36513598759969,9.94059044122696,8.858589112758636,4.463537027438481,4.8791012565294904,4.686534891525905,3.760840674241384,4.821342001358668,2.639026954770088,5.220692853132884,4.75094802180926,78.3939208984375,20
trained|email|Robert Chase,39.45326328277588,34.48506514231364,29.852341810862224,18.937069177627563,11.765982707341513,7.811799049377441,3.8006389141082764,4.064307808876038,4.679720799128215,2.589769661426544,3.58307937781016,4.087764322757721,4.807099302609761,78.97562408447266,1
trained|email|Ryan Harvey,19.245405435562134,14.900652050971985,12.02867317199707,8.473749697208405,6.415247440338135,5.069306552410126,2.710189461708069,2.5598635375499725,3.3011066615581512,3.762054204940796,2.641885757446289,3.304391384124756,3.0516293048858643,65.31535339355469,20
trained|email|Tricia Mullins DDS,22.910094261169434,19.804153839747112,13.811610539754232,11.657166679700216,5.191300809383392,4.913092156251271,3.6269320050875344,4.247928361097972,3.8193081319332123,3.855984310309092,4.219474891821544,4.212883214155833,4.533244967460632,62.86015319824219,20
trained|email|Virginia Spencer,31.499710083007812,28.016948699951172,22.640345096588135,16.166239976882935,11.433762709299723,5.725477635860443,2.9071053862571716,4.8478712638219195,3.737122962872187,6.107943952083588,2.075849175453186,6.774607598781586,2.815248121817907,71.41950988769531,5
trained|email|Willie Durham,28.974529266357422,23.324460983276367,20.29086430867513,14.468903541564941,6.345385551452637,4.051267385482788,4.393474260965983,3.509533405303955,2.89452854792277,3.5167848269144693,3.810704310735067,3.256392240524292,3.249079624811808,66.2494888305664,5
trained|ssn|Alexis Baker,40.099233627319336,33.789509296417236,30.744571924209595,26.413848638534546,25.486937284469604,17.035207986831665,13.082659006118774,7.352675378322601,6.6181797087192535,4.742370665073395,6.168872594833374,3.7594422698020935,6.214258253574371,73.33283233642578,5
trained|ssn|Allison Hill,35.82477307319641,30.541781187057495,25.196427583694458,24.370854377746582,17.418413400650024,11.209683358669281,11.558434545993805,8.089591026306152,4.573518544435501,5.454696178436279,4.550111800432205,8.843509376049042,5.582471966743469,71.15333557128906,1
trained|ssn|Antonio Norman,33.51558780670166,27.905146837234497,22.84673523902893,19.64827036857605,16.955506324768066,10.486083984375,7.19023722410202,7.696154236793518,6.991206765174866,3.957892119884491,5.397616356611252,4.62908461689949,5.346959799528122,72.436767578125,20
trained|ssn|Brandon Moore,34.524853229522705,30.048216978708904,23.77774953842163,21.255700985590618,18.962783416112263,18.274180094401043,13.721934954325357,12.439049084981283,8.561729788780212,11.032174229621887,8.239598274230957,7.556426723798116,8.665399054686228,74.7021255493164,20
trained|ssn|Courtney Hall,34.97166895866394,29.11501908302307,24.125307083129883,21.40629816055298,14.941054701805115,8.830280184745789,6.529203504323959,7.264878809452057,2.707445114850998,4.277553588151932,3.184308260679245,5.0290451645851135,5.118353247642517,72.79356384277344,5
trained|ssn|Deanna Smith,35.9461727142334,30.47470736503601,24.781622886657715,24.709802627563477,21.447768688201904,15.842530131340027,8.007638990879059,6.220057994127274,6.775296270847321,4.702365607023239,3.378974676132202,2.491003766655922,3.177949145436287,71.17362213134766,20
trained|ssn|Donna Frye,37.14636643727621,32.639596462249756,27.53761927286784,24.591004848480225,20.973342657089233,16.442724466323853,12.405224839846293,8.552437921365103,11.920054157574972,7.397352506717046,3.133663907647133,7.629522532224655,3.086587687333425,72.38127899169922,5
trained|ssn|Emily Hayes,36.766318480173744,30.596693356831867,26.125003496805828,23.055278460184734,20.054115851720173,15.027662913004557,11.913976271947226,8.847628037134806,8.856303691864014,8.141082127888998,4.1431934634844465,3.210303634405136,6.049064497152965,79.53348541259766,5
trained|ssn|Gina Mack,35.22933053970337,31.97862195968628,25.38113236427307,23.79301643371582,14.49217414855957,10.71251106262207,6.874089002609253,6.967091917991638,3.296480566263199,2.060828670859337,2.6763490587472916,4.161159172654152,3.2427015602588654,73.75379180908203,20
trained|ssn|Jason Newton,35.52103900909424,30.122913122177124,24.67919397354126,22.114453554153442,18.073486804962158,13.170302152633667,6.329085052013397,7.283261239528656,5.436308652162552,4.856969922780991,6.715480864048004,6.133783534169197,2.33635376393795,71.0537338256836,20
trained|ssn|Jason Powell,35.720683336257935,32.076340198516846,26.65135431289673,22.016345500946045,14.283471822738647,14.007293701171875,6.541472911834717,4.189318388700485,7.015556216239929,5.868510514497757,3.2740286886692047,2.7161252349615097,3.2143758684396744,67.62132263183594,1
trained|ssn|Krystal Diaz,35.379680156707764,30.328195095062256,24.18314552307129,21.97041893005371,16.721210718154907,15.472027659416199,12.259383201599121,9.921461552381516,5.056647062301636,8.88766086101532,5.139903232455254,4.725111901760101,1.5542039349675179,72.21485137939453,20
trained|ssn|Laura Diaz,35.17780637741089,29.444459438323975,24.11931037902832,21.136226177215576,17.754329681396484,13.484238982200623,11.581472754478455,10.890316486358643,3.7044562250375748,3.391362413764,5.189425528049469,3.1676691323518753,4.097120314836502,74.5811996459961,20
trained|ssn|Laura Wilson,36.660802364349365,30.177802244822185,26.821359793345135,23.15815528233846,20.278201897939045,16.896178722381592,11.270392338434855,11.602111458778381,9.724427163600922,10.921670397122702,4.170548319816589,9.001483221848806,4.360677649577458,75.6661605834961,20
trained|ssn|Leonard Gray,38.315935134887695,32.16947317123413,27.265918254852295,23.676527341206867,22.020966211954754,19.69259262084961,17.21101442972819,15.776135126749674,11.942161520322164,11.882732311884562,9.558870196342468,8.188611268997192,8.89810045560201,79.86560821533203,5
trained|ssn|Michelle Fletcher,33.194199085235596,27.82998490333557,22.193756818771362,20.38631844520569,16.926260590553284,18.196850538253784,13.71637773513794,4.9967914670705795,5.805854648351669,6.8690594136714935,5.027253717184067,4.217113763093948,6.475574009120464,73.08893585205078,20
trained|ssn|Misty Garcia,33.623661518096924,27.658448696136475,23.060776233673096,22.28504776954651,16.130330443382263,8.700116693973541,7.045795440673828,7.111989140510559,6.598380446434021,3.6625631153583527,2.1921900138258934,1.9402325302362442,2.6984422132372856,73.58297729492188,20
trained|ssn|Monica Baker,33.961257219314575,28.112428665161133,22.070204973220825,20.34546947479248,18.471131443977356,10.398568511009216,4.832934379577637,3.5279783606529236,5.30232909321785,2.9503892362117767,3.7442451417446136,4.117966532707214,4.7096642553806305,73.87828826904297,20
trained|ssn|Ms. Jennifer Hill,35.95716794331869,28.945380846659344,24.907413323720295,22.85587787628174,19.642139673233032,15.319128036499023,17.354797919591267,13.311865131060282,6.00643664598465,6.784945428371429,2.09134504199028,3.4889032443364463,2.4307904640833535,73.64346313476562,20
trained|ssn|Paul Johnson,34.66156721115112,29.766488869984943,22.992557684580486,21.551425457000732,19.99277353286743,18.74090830485026,11.210053364435831,6.3489968578020735,6.184312204519908,11.208478311697641,5.422411561012268,5.109358131885529,11.760663390159607,72.30915832519531,20
trained|ssn|Robert Chase,36.45214319229126,30.587027549743652,26.18322229385376,24.931000471115112,21.29803776741028,11.318026542663574,5.151303827762604,5.675391107797623,6.235946595668793,5.896917343139648,4.722675204277039,3.9412484765052795,9.035732120275497,71.2191162109375,1
trained|ssn|Ryan Harvey,34.469051361083984,31.08007351557414,23.501638571421307,21.292115847269695,18.148826758066814,13.617550532023111,11.59519076347351,12.210907340049744,6.1943672100702925,4.840810497601827,4.765942245721817,6.95636510848999,2.940338800350825,73.16681671142578,20
trained|ssn|Tricia Mullins DDS,36.007376511891685,30.50108830134074,25.08099953333537,21.438880761464436,20.135514338811237,15.78268845876058,16.20013952255249,8.922576705614725,11.380295356114706,7.300998916228612,3.5499554375807443,7.421282728513082,4.335803389549255,78.94608306884766,20
trained|ssn|Virginia Spencer,38.62987518310547,32.73635458946228,29.34937334060669,25.58525776863098,19.31450593471527,12.565680384635925,10.320238709449768,9.4078928232193,4.6865551471710205,4.510925620794296,3.0013610422611237,3.7269152998924255,2.519177846610546,74.65836334228516,5
trained|ssn|Willie Durham,36.69405460357666,31.529144446055096,25.635991891225178,24.406971136728924,21.4285945892334,17.5082262357076,16.403005123138428,12.597739696502686,9.865430295467377,9.941253066062927,11.551196177800497,5.134131610393524,7.255804340044658,74.43388366699219,5
